nr_tokens	subject_ID	gender	education	emoticons	nonstd_Dutch
1487	1	male	general	49	292
1859	2	male	technical	49	298
178	3	male	general	0	32
258	4	female	general	0	53
48	5	male	vocational	0	3
314	6	female	vocational	1	43
63	7	male	vocational	0	10
4	8	male	vocational	0	1
50	9	male	vocational	0	7
17	10	male	general	1	4
5129	11	male	vocational	155	1385
278	12	female	general	5	70
158	13	female	general	5	33
4	14	male	vocational	0	1
713	15	female	general	143	15
218	16	female	technical	0	40
275	17	male	general	22	76
2629	18	female	vocational	330	189
934	19	female	general	57	122
294	20	male	vocational	0	54
848	21	female	technical	4	155
412	22	female	technical	52	106
4	23	female	general	0	3
66	24	female	general	0	7
249	25	male	general	1	63
66045	26	female	technical	450	13414
2603	27	female	vocational	14	483
226	28	female	general	0	23
14843	29	female	vocational	2700	3194
265	30	male	vocational	0	65
4260	31	male	technical	7	941
428	32	female	general	34	26
133	33	male	general	9	28
514	34	female	general	0	95
7761	35	male	general	402	1160
1485	36	male	technical	15	314
77	37	male	general	0	9
58	38	male	vocational	0	12
843	39	female	vocational	6	145
10	40	female	general	2	0
483	41	female	general	27	56
32	42	male	vocational	3	7
1128	43	male	technical	39	64
388	44	male	vocational	10	56
16	45	male	general	0	6
383	46	male	general	4	68
1026	47	male	vocational	42	184
6284	48	male	vocational	99	949
27	49	male	general	0	3
1617	50	male	technical	9	393
2	51	female	general	0	0
186	52	female	vocational	0	0
1656	53	male	vocational	92	209
28	54	female	general	0	10
19	55	female	general	0	1
122	56	male	vocational	0	10
1555	57	male	technical	13	275
45	58	female	vocational	6	3
1186	59	female	technical	56	151
1198	60	female	general	1	116
1599	61	male	general	43	214
1626	62	male	vocational	15	460
31	63	male	general	0	1
280	64	male	technical	18	64
360	65	female	technical	11	86
342	66	female	general	17	78
13479	67	female	vocational	1366	3333
4806	68	female	general	4	820
149	69	male	vocational	2	25
63	70	male	general	3	11
146	71	male	general	27	36
3874	72	male	technical	22	485
464	73	male	technical	15	82
23	74	female	technical	0	6
47	75	female	general	0	10
7531	76	female	general	134	1867
1308	77	female	technical	36	179
8068	78	female	vocational	621	1117
334	79	female	vocational	7	47
5877	80	female	technical	118	891
18	81	female	technical	4	4
573	82	male	general	6	124
31	83	male	general	0	5
70	84	female	vocational	0	10
137	85	male	general	25	34
6035	86	female	general	178	1063
276	87	female	vocational	1	53
28	88	male	technical	3	9
1108	89	female	technical	31	212
7837	90	female	vocational	24	1516
808	91	male	general	53	209
477	92	male	general	2	80
99	93	female	vocational	7	15
9228	94	male	technical	258	1770
5604	95	female	general	41	783
403	96	female	general	0	38
231	97	male	vocational	0	84
38	98	male	general	0	6
161	99	male	general	1	33
1305	100	female	technical	60	227
119	101	male	vocational	0	24
207	102	female	vocational	0	31
6414	103	female	general	365	557
1037	104	male	technical	0	215
1660	105	female	vocational	225	125
90	106	male	general	0	24
53646	107	female	technical	989	11570
2308	108	female	technical	253	353
4352	109	male	technical	17	1131
267	110	female	technical	0	37
14	111	female	general	0	0
1727	112	female	general	591	411
1252	113	male	general	0	228
119	114	female	general	2	23
132	115	female	general	3	18
154	116	female	vocational	9	39
223	117	male	technical	2	57
30395	118	female	general	1511	2873
81	119	female	general	8	11
23	120	female	technical	6	10
119	121	male	vocational	1	16
687	122	male	general	7	146
134	123	female	general	6	5
65	124	female	vocational	14	22
2042	125	female	general	146	431
11423	126	female	technical	337	1745
6335	127	female	general	202	554
41	128	male	technical	0	17
619	129	male	general	54	136
7	130	female	vocational	0	3
1752	131	female	technical	0	452
7921	132	male	vocational	668	2230
8029	133	male	technical	240	1530
2234	134	female	general	154	379
22	135	male	technical	1	4
524	136	female	technical	8	50
7	137	male	technical	1	2
49	138	female	general	13	9
2061	139	female	technical	18	319
319	140	female	general	14	21
147	141	female	general	0	29
11	142	male	technical	5	3
20439	143	female	technical	335	3266
784	144	female	technical	16	147
153	145	male	general	0	34
2921	146	female	technical	45	381
13985	147	female	general	1789	1749
202	148	male	vocational	0	65
263	149	male	general	0	59
1721	150	male	general	8	386
306	151	female	vocational	10	41
816	152	male	vocational	4	79
5028	153	male	technical	231	607
62	154	female	vocational	0	9
516	155	female	vocational	6	69
8038	156	female	technical	392	1740
19	157	female	vocational	5	5
161	158	male	technical	15	3
1186	159	female	vocational	0	275
30	160	male	general	0	4
205	161	male	general	7	43
1957	162	male	vocational	27	413
2699	163	male	general	65	561
514	164	male	general	3	43
37	165	female	vocational	7	6
116	166	male	general	0	25
30149	167	female	vocational	2461	3245
683	168	male	general	4	146
3114	169	female	vocational	137	858
467	170	male	general	0	71
826	171	male	general	6	172
119	172	male	technical	12	36
240	173	male	general	12	20
4173	174	female	vocational	1438	870
11	175	female	general	1	2
331	176	male	vocational	2	46
289	177	female	general	1	28
759	178	male	technical	3	117
2038	179	male	general	116	334
2251	180	male	general	29	242
192	181	female	general	7	31
42	182	male	general	5	7
2781	183	female	vocational	451	199
222	184	male	vocational	7	47
233	185	female	technical	2	33
2694	186	female	technical	15	383
16	187	male	vocational	2	1
226	188	female	general	4	19
122	189	male	vocational	12	26
146	190	male	vocational	3	26
102	191	female	general	0	8
1174	192	female	general	6	246
171	193	male	technical	4	31
3	194	male	general	1	0
158	195	female	general	1	10
28	196	female	vocational	2	5
84	197	male	general	0	18
148	198	female	vocational	6	45
1782	199	male	general	1	335
489	200	male	vocational	2	126
481	201	female	general	0	25
21	202	male	general	0	3
3563	203	male	general	6	546
102	204	female	technical	1	28
2	205	male	vocational	0	0
234	206	female	general	0	34
1338	207	female	technical	2	177
274	208	female	general	9	79
60	209	male	technical	1	9
147	210	female	general	0	25
124	211	female	general	23	21
673	212	male	vocational	21	142
10420	213	male	general	81	448
17	214	male	vocational	0	5
30	215	female	vocational	0	1
2891	216	male	general	16	427
272	217	male	general	10	51
1630	218	female	general	3	315
920	219	female	general	12	206
3593	220	male	general	51	581
4878	221	female	general	27	759
821	222	female	general	13	111
79	223	female	vocational	1	23
4585	224	female	technical	46	849
3250	225	female	vocational	989	701
576	226	female	technical	48	61
1578	227	male	general	83	248
2	228	female	vocational	0	0
566	229	male	vocational	15	79
1247	230	female	vocational	10	134
3135	231	female	general	25	586
66	232	female	general	0	13
28	233	male	general	2	1
597	234	male	vocational	22	82
1	235	female	general	1	0
240	236	male	vocational	0	42
212	237	male	general	3	38
426	238	female	general	20	51
384	239	male	technical	1	42
590	240	female	general	4	69
675	241	male	vocational	2	184
29	242	female	technical	0	6
407	243	female	technical	25	66
13	244	male	vocational	0	3
29	245	male	general	0	5
4	246	male	technical	0	0
672	247	female	general	28	118
45	248	male	vocational	0	7
2092	249	male	technical	20	465
24	250	male	general	0	6
477	251	female	technical	1	116
103	252	female	technical	2	23
719	253	female	general	25	67
444	254	male	vocational	9	65
96	255	female	technical	0	17
1010	256	female	technical	31	129
91	257	male	technical	0	15
5613	258	female	technical	195	838
54	259	female	general	0	7
1133	260	female	vocational	4	214
36	261	male	vocational	12	6
1014	262	female	technical	3	155
827	263	male	technical	5	107
95	264	female	technical	1	19
1945	265	male	general	76	385
22	266	female	vocational	0	2
8	267	female	general	3	0
77	268	female	general	0	14
4186	269	male	technical	156	1090
29	270	male	general	0	3
21895	271	female	vocational	1363	4917
103	272	female	vocational	7	22
1597	273	male	technical	3	165
3468	274	female	general	167	576
257	275	female	general	0	34
33	276	female	general	0	6
320	277	male	general	0	58
136	278	male	general	0	31
484	279	female	general	0	14
286	280	female	technical	0	6
75	281	male	technical	0	15
128	282	male	general	1	28
684	283	male	general	1	217
31	284	female	general	0	1
518	285	female	vocational	1	138
5630	286	male	technical	35	550
218	287	male	technical	0	40
378	288	female	vocational	5	70
4635	289	male	general	71	729
3569	290	female	vocational	377	387
3980	291	female	technical	1005	507
3887	292	female	general	186	727
414	293	male	vocational	20	67
10	294	female	general	0	1
100	295	female	general	12	25
374	296	male	general	2	64
90	297	male	general	2	26
12	298	male	technical	4	5
152	299	female	vocational	12	5
557	300	female	general	8	169
8	301	male	general	0	1
988	302	female	general	27	176
41	303	male	vocational	4	16
255	304	female	vocational	54	19
1886	305	male	vocational	109	351
1402	306	male	general	20	168
1501	307	female	general	9	207
337	308	female	general	13	31
408	309	male	general	11	63
435	310	male	general	33	87
16	311	male	general	0	5
359	312	female	vocational	32	128
457	313	female	general	4	81
16	314	female	technical	6	3
153	315	female	vocational	0	40
63346	316	female	technical	2058	12024
342	317	male	technical	14	95
996	318	female	vocational	119	206
58	319	male	technical	2	4
2232	320	male	technical	627	328
552	321	female	technical	61	31
176	322	male	technical	4	34
378	323	female	vocational	25	114
280	324	male	vocational	1	64
23550	325	male	technical	797	4497
5324	326	female	technical	59	861
70	327	male	technical	2	6
19	328	male	vocational	1	3
4	329	female	general	0	2
283	330	male	vocational	0	6
339	331	female	general	0	68
44	332	female	general	0	5
120	333	male	technical	0	12
127	334	male	vocational	1	25
70	335	male	technical	0	16
67	336	male	technical	7	15
532	337	female	general	1	37
36	338	female	vocational	0	7
3462	339	female	general	163	309
27	340	male	vocational	0	6
45	341	male	vocational	0	10
20	342	male	general	0	11
8	343	female	vocational	0	2
838	344	male	general	3	176
34	345	female	vocational	1	11
176	346	female	technical	21	18
60	347	male	general	0	11
6616	348	female	technical	626	917
18	349	female	general	1	0
5870	350	female	technical	188	1708
522	351	female	vocational	7	111
25	352	male	vocational	0	3
36	353	female	general	1	3
1227	354	female	technical	18	59
3514	355	female	vocational	217	670
5181	356	male	general	34	1394
410	357	female	vocational	58	76
428	358	female	general	11	14
26	359	male	vocational	0	8
410	360	female	vocational	35	81
130	361	male	technical	0	47
93	362	female	general	0	18
1	363	female	general	0	0
10464	364	female	vocational	578	1991
124	365	male	vocational	0	28
352	366	male	technical	3	51
112	367	female	general	0	23
26	368	female	vocational	0	7
5385	369	male	technical	485	710
257	370	male	general	1	39
4	371	male	technical	0	3
7120	372	male	technical	242	1948
1391	373	male	technical	78	242
134	374	male	vocational	0	12
38	375	female	general	0	5
1893	376	female	technical	11	345
194	377	female	general	3	20
148	378	male	technical	5	39
429	379	female	general	3	54
99	380	female	technical	3	16
131	381	female	general	15	21
134	382	male	general	0	11
2406	383	male	general	9	478
740	384	female	technical	2	129
152	385	male	vocational	2	28
1353	386	male	vocational	148	215
523	387	male	general	3	67
211	388	female	technical	7	20
13576	389	male	vocational	3545	1073
2060	390	male	technical	3	253
132	391	male	vocational	5	28
196	392	female	general	0	26
9038	393	female	general	105	623
99	394	female	general	7	20
530	395	male	general	5	80
4249	396	male	technical	16	638
752	397	male	general	2	123
3702	398	female	vocational	85	641
707	399	male	technical	9	166
244	400	male	technical	11	27
91	401	male	general	4	5
294	402	male	general	12	47
665	403	male	technical	13	179
73	404	male	technical	1	13
732	405	male	vocational	91	104
156	406	female	general	1	47
1388	407	female	vocational	122	167
110	408	male	technical	1	12
393	409	female	general	3	61
305	410	male	vocational	27	53
3371	411	female	vocational	1340	467
108	412	male	general	0	9
4490	413	male	technical	24	539
1722	414	male	general	4	440
31205	415	female	general	1976	4787
215	416	female	general	0	50
16537	417	female	technical	458	1412
261	418	male	technical	0	81
116	419	male	general	0	34
36	420	male	technical	0	8
66	421	male	technical	2	5
14144	422	male	technical	58	3027
132	423	female	general	3	10
33	424	female	general	3	11
129	425	female	general	12	16
10754	426	female	vocational	991	1724
439	427	female	technical	16	125
1658	428	female	general	59	218
21	429	female	vocational	3	5
4071	430	female	vocational	1240	990
1527	431	male	technical	7	327
305	432	male	general	0	64
502	433	female	vocational	50	92
168	434	female	technical	1	25
52	435	female	vocational	0	12
31163	436	female	technical	1528	5928
27	437	male	technical	0	8
8446	438	female	technical	148	1883
183	439	female	general	2	17
496	440	female	general	47	65
446	441	male	vocational	17	48
1873	442	male	technical	5	507
25	443	male	vocational	4	1
864	444	female	vocational	71	192
16	445	male	technical	0	5
3831	446	female	general	89	501
229	447	male	vocational	1	44
1507	448	female	general	41	184
236	449	female	general	0	24
150	450	male	general	4	24
89	451	female	general	0	2
4509	452	female	technical	100	641
1076	453	male	technical	41	98
2639	454	male	vocational	129	324
53	455	female	technical	0	11
370	456	male	technical	23	53
3231	457	male	technical	39	380
22565	458	male	technical	551	5175
6	459	male	general	0	2
880	460	male	technical	17	41
106	461	female	general	9	25
522	462	male	vocational	0	149
79	463	female	general	10	15
39	464	female	general	5	1
10	465	male	general	0	0
313	466	male	general	49	30
3185	467	male	technical	679	526
6080	468	male	technical	102	1357
7859	469	female	vocational	715	658
1	470	male	vocational	3	0
4831	471	female	technical	21	930
2221	472	female	vocational	4	338
47	473	female	vocational	2	12
618	474	male	general	0	74
386	475	male	general	0	87
15	476	female	vocational	0	5
53	477	male	technical	1	10
58	478	female	general	13	14
1880	479	female	vocational	221	254
2355	480	female	vocational	16	578
44013	481	female	technical	373	6693
513	482	female	technical	2	71
2407	483	female	vocational	12	626
84	484	male	vocational	0	15
331	485	male	vocational	0	48
191	486	female	general	0	48
1508	487	male	general	20	259
1202	488	female	technical	1	234
219	489	female	technical	1	52
15	490	male	technical	0	3
1772	491	female	technical	42	175
946	492	male	vocational	84	208
17	493	female	technical	0	4
511	494	female	general	16	50
27	495	female	vocational	3	3
6212	496	female	general	228	888
352	497	male	general	1	45
115	498	male	general	0	32
121	499	female	vocational	1	37
68	500	female	vocational	0	21
6876	501	female	vocational	295	1128
2066	502	male	vocational	57	357
162	503	female	general	0	49
678	504	male	technical	3	43
56	505	female	technical	1	12
56	506	female	general	0	14
55	507	female	technical	22	4
2750	508	male	technical	11	238
22	509	male	general	0	3
6623	510	male	general	28	1004
274	511	female	vocational	7	41
1662	512	female	general	51	166
1381	513	female	general	9	107
857	514	male	general	0	64
4713	515	male	technical	110	763
152	516	female	general	0	24
1702	517	male	technical	162	356
991	518	female	general	116	142
7198	519	female	general	358	755
676	520	female	vocational	453	43
1419	521	male	technical	15	326
402	522	male	technical	1	90
2	523	male	vocational	0	0
15	524	female	technical	0	2
186	525	male	general	8	58
291	526	male	general	4	69
2	527	male	general	0	0
360	528	female	general	2	65
55	529	male	general	0	1
413	530	male	general	1	93
1693	531	female	vocational	196	222
555	532	male	vocational	25	108
896	533	female	general	0	174
11326	534	female	general	1278	1399
36	535	female	general	0	12
264	536	male	general	26	40
88	537	male	vocational	0	21
246	538	male	general	5	59
32	539	male	general	8	5
77	540	male	general	0	6
3449	541	male	technical	53	909
525	542	male	technical	15	143
2001	543	male	general	7	537
218	544	female	vocational	7	54
592	545	female	general	2	169
237	546	male	general	6	21
3197	547	male	technical	47	657
892	548	female	technical	4	171
581	549	female	vocational	1	109
259	550	male	general	11	76
26	551	female	general	4	6
2487	552	female	general	104	462
11	553	male	vocational	0	2
66	554	male	technical	5	5
78	555	male	technical	0	6
4199	556	male	technical	104	732
206	557	female	general	0	10
117	558	male	general	1	27
5226	559	female	technical	311	740
231	560	male	general	2	44
1135	561	female	general	5	102
276	562	female	general	2	36
19663	563	male	vocational	1361	2721
6	564	female	technical	0	0
75	565	female	vocational	0	14
668	566	male	general	44	35
242	567	female	general	16	37
7075	568	female	technical	72	1045
72	569	male	vocational	0	12
36	570	female	general	2	5
62086	571	female	technical	7273	11592
121	572	male	technical	1	12
1	573	male	general	0	0
7637	574	female	general	45	880
106	575	male	vocational	0	32
2361	576	male	general	17	523
1701	577	male	vocational	154	223
8516	578	female	vocational	1623	2427
55	579	female	general	0	8
3779	580	male	vocational	76	616
442	581	female	vocational	1	109
4275	582	female	general	38	677
889	583	male	general	3	154
4878	584	male	technical	118	1103
3103	585	male	technical	206	731
684	586	female	technical	3	69
12320	587	male	technical	359	2295
204	588	male	general	0	33
150	589	male	general	2	37
168	590	female	general	0	17
353	591	male	general	24	52
5	592	male	vocational	0	0
74	593	female	vocational	2	1
384	594	male	general	17	65
1537	595	male	general	485	283
13	596	female	general	0	5
1910	597	male	general	2	321
263	598	female	technical	0	55
2019	599	female	vocational	173	257
55	600	female	general	5	12
995	601	female	general	11	152
49	602	female	technical	1	7
48	603	female	general	0	7
28	604	female	general	2	6
186	605	female	technical	26	38
2	606	male	vocational	0	0
2	607	male	general	0	0
1645	608	male	vocational	64	268
45	609	male	general	0	9
712	610	female	general	1	164
39	611	female	technical	0	10
4125	612	female	general	256	701
62	613	female	technical	1	6
146	614	male	technical	3	37
10	615	male	vocational	0	2
25	616	female	general	0	6
120	617	female	general	0	23
5	618	male	vocational	0	2
977	619	male	general	15	154
185	620	female	general	10	40
59	621	male	general	0	3
25	622	male	general	2	2
202	623	male	general	1	23
836	624	female	general	7	35
18	625	female	general	0	4
599	626	female	technical	1	52
825	627	male	general	14	46
1584	628	male	vocational	34	523
7644	629	male	vocational	30	1394
1681	630	female	general	22	308
137	631	male	vocational	22	26
426	632	male	technical	37	112
67	633	male	vocational	1	11
5594	634	female	general	37	648
37	635	female	general	13	5
27	636	female	general	1	8
339	637	female	technical	4	46
386	638	male	technical	26	89
7028	639	female	technical	35	1219
3492	640	female	technical	62	572
284	641	male	technical	5	66
3618	642	female	general	37	395
328	643	male	general	41	51
85	644	male	vocational	0	11
4118	645	female	vocational	273	687
1226	646	female	technical	12	176
13	647	male	general	0	1
103	648	male	technical	1	8
2805	649	female	general	1246	551
3717	650	female	technical	2	571
251	651	female	general	36	55
8197	652	male	general	62	662
1605	653	male	general	7	172
770	654	female	general	7	92
279	655	female	general	9	41
237	656	female	general	5	35
11004	657	female	general	24	1376
164	658	male	general	0	42
348	659	male	general	1	83
14226	660	female	technical	580	2434
7066	661	female	technical	161	1640
1570	662	female	vocational	68	184
73	663	male	general	0	20
332	664	female	general	152	49
638	665	male	general	6	108
78	666	female	technical	0	23
4167	667	male	technical	167	1057
1	668	female	general	3	0
1830	669	female	general	142	225
164	670	male	general	1	9
1470	671	female	vocational	2855	492
911	672	female	vocational	33	138
70	673	male	vocational	4	14
356	674	female	technical	0	27
2183	675	female	vocational	371	354
220	676	female	vocational	20	35
10655	677	female	vocational	748	1214
220	678	female	general	0	25
58	679	male	vocational	0	7
293	680	male	general	0	53
46	681	male	vocational	0	17
66	682	female	general	0	8
676	683	male	vocational	0	125
20	684	male	vocational	0	6
25	685	female	general	3	4
140	686	male	vocational	20	24
568	687	male	vocational	1	97
31	688	female	general	2	4
470	689	female	general	1	89
3274	690	male	general	61	495
1298	691	male	general	1	258
44	692	male	technical	2	4
5	693	male	general	1	2
8511	694	male	vocational	190	1109
75	695	female	technical	0	4
8	696	male	vocational	0	0
24	697	male	vocational	0	1
55	698	female	general	0	15
2394	699	female	technical	87	308
25	700	male	vocational	0	8
267	701	male	general	33	51
231	702	female	general	34	36
1342	703	female	general	2	280
825	704	male	general	3	140
16	705	female	general	1	2
3140	706	female	vocational	86	610
380	707	male	vocational	9	49
1310	708	female	general	83	256
802	709	female	technical	0	75
22360	710	male	technical	2044	3369
259	711	male	technical	6	50
11	712	male	vocational	0	1
291	713	male	vocational	0	43
1591	714	female	vocational	125	322
22257	715	female	technical	1589	3615
2701	716	male	vocational	6	774
2178	717	male	vocational	422	503
25	718	male	general	21	2
3076	719	female	vocational	6	428
818	720	female	vocational	48	148
81	721	female	general	5	14
66	722	male	vocational	0	19
140	723	female	vocational	34	18
56	724	female	general	0	7
80	725	male	general	0	32
4	726	male	general	0	0
184	727	female	general	0	17
6543	728	female	technical	40	1468
11	729	male	vocational	0	1
1380	730	male	general	68	189
159	731	female	technical	0	5
5	732	female	technical	0	0
17	733	female	vocational	19	3
3665	734	female	general	316	749
119	735	male	general	0	22
13	736	male	technical	0	1
207	737	male	technical	13	40
4329	738	female	technical	190	779
1536	739	male	vocational	231	222
49	740	female	vocational	0	13
7316	741	female	technical	118	719
100	742	male	general	7	20
3538	743	female	vocational	42	463
222	744	male	vocational	4	44
26080	745	male	general	278	3824
43	746	female	vocational	1	8
57	747	male	general	2	1
140	748	female	general	0	16
777	749	male	technical	12	151
188	750	female	general	26	51
49	751	female	general	8	6
207	752	male	vocational	0	36
737	753	female	general	0	58
1603	754	male	technical	9	198
17	755	male	vocational	0	1
757	756	female	technical	1	89
7834	757	female	general	270	1750
107	758	male	general	0	9
224	759	female	technical	0	49
56	760	male	technical	0	16
12407	761	male	technical	112	2624
2805	762	male	technical	16	653
1036	763	male	general	0	273
1218	764	female	technical	5	107
3830	765	female	general	7	655
7	766	male	general	1	3
1011	767	male	vocational	16	139
4867	768	male	technical	328	889
874	769	male	technical	2	54
511	770	male	vocational	1	87
1128	771	female	general	12	226
61	772	female	technical	1	12
5	773	male	technical	4	2
4	774	male	general	0	0
5799	775	female	general	124	1033
2530	776	female	vocational	127	432
14	777	male	technical	0	4
201	778	female	vocational	7	24
4308	779	female	technical	85	764
2366	780	male	general	16	411
39	781	male	technical	0	4
1187	782	female	vocational	146	230
50	783	female	technical	0	5
199	784	female	technical	8	20
201	785	female	technical	0	25
22	786	female	vocational	0	4
1658	787	female	vocational	241	339
249	788	male	general	1	42
225	789	male	general	0	33
302	790	female	general	6	68
600	791	male	general	2	71
2921	792	female	technical	16	408
1838	793	female	technical	44	311
176	794	male	vocational	4	38
12928	795	female	vocational	1134	2244
239	796	female	general	5	36
12	797	male	technical	0	3
35	798	female	general	1	7
2009	799	female	vocational	107	433
53	800	female	technical	2	1
84	801	male	vocational	0	11
63	802	male	general	1	7
38	803	female	general	0	12
31	804	male	general	0	2
116	805	female	general	0	24
1276	806	female	technical	76	268
203	807	male	vocational	1	49
959	808	male	technical	12	233
23	809	male	technical	0	6
220	810	male	general	14	29
59	811	male	general	1	24
468	812	male	general	14	107
578	813	female	general	24	115
11569	814	male	technical	227	2695
440	815	male	vocational	46	72
280	816	male	general	3	55
352	817	male	technical	3	51
172	818	male	general	0	10
24984	819	female	general	1643	3109
59	820	male	general	0	16
2003	821	female	general	4662	280
3585	822	female	technical	2	843
68	823	male	technical	0	22
60	824	male	technical	0	8
164	825	female	technical	0	23
817	826	male	vocational	3	70
499	827	female	general	13	64
280	828	male	general	1	71
267	829	male	general	0	9
22	830	female	vocational	0	10
7044	831	male	vocational	788	1809
111	832	male	vocational	0	23
429	833	male	technical	9	82
371	834	female	technical	1	27
409	835	female	general	3	65
4064	836	female	vocational	547	611
36	837	female	vocational	14	5
65	838	male	technical	2	16
302	839	female	vocational	0	42
86	840	female	vocational	9	16
18418	841	female	general	224	1979
1711	842	male	general	56	309
2033	843	female	technical	1	407
73	844	female	vocational	0	5
2082	845	female	general	70	118
13	846	male	technical	0	2
53	847	male	vocational	1	8
125	848	male	general	0	30
284	849	female	general	1	24
44	850	male	vocational	0	9
63	851	male	vocational	0	24
3643	852	female	general	16	569
103	853	female	general	2	5
191	854	female	general	0	16
91	855	male	general	8	22
13587	856	male	vocational	147	1458
294	857	male	technical	0	40
51	858	male	general	0	13
666	859	female	general	76	89
6726	860	male	technical	162	1311
5	861	female	general	0	2
875	862	male	general	13	131
154	863	male	vocational	4	35
189	864	male	technical	0	42
1895	865	female	general	1493	190
114	866	female	technical	8	32
1514	867	female	technical	365	185
328	868	female	technical	5	25
863	869	female	technical	3	150
642	870	female	general	1	83
40	871	male	general	0	3
6091	872	female	vocational	25	1195
89	873	male	general	0	28
14	874	male	general	0	2
2007	875	female	general	125	257
233	876	female	general	1	28
25	877	female	general	3	2
990	878	female	general	58	156
210	879	male	vocational	15	20
106	880	male	general	0	21
679	881	female	technical	9	61
631	882	male	vocational	130	75
2736	883	male	technical	288	676
275	884	female	general	1	63
183	885	male	general	1	42
3	886	female	general	0	0
12924	887	female	vocational	850	1922
3266	888	male	technical	15	527
4	889	female	general	4	2
169	890	female	general	6	11
75	891	female	vocational	4	19
1560	892	female	technical	22	125
341	893	male	technical	0	85
148	894	female	general	47	27
252	895	male	vocational	35	46
227	896	female	general	0	23
60	897	male	general	14	9
856	898	female	technical	19	202
7624	899	female	general	102	987
93	900	male	general	4	2
105	901	male	general	0	13
407	902	male	vocational	6	90
21	903	male	vocational	0	4
317	904	male	technical	1	70
2388	905	female	vocational	306	178
630	906	male	vocational	2	168
505	907	female	general	0	97
14	908	female	general	4	3
548	909	male	technical	7	80
1	910	female	general	2	0
14	911	male	vocational	0	1
31	912	female	technical	0	9
1	913	male	vocational	0	1
3844	914	male	technical	96	826
111	915	female	general	2	20
30	916	male	technical	2	7
317	917	female	general	40	17
304	918	male	general	0	56
151	919	female	technical	1	27
4	920	male	general	0	0
207	921	female	general	11	28
76	922	male	vocational	5	23
934	923	female	vocational	278	141
65	924	female	vocational	0	12
91	925	female	vocational	0	18
4812	926	male	general	22	826
1	927	female	general	0	1
6712	928	female	vocational	1113	893
446	929	male	technical	10	63
3289	930	male	general	45	456
860	931	male	general	0	193
796	932	female	vocational	1	76
54	933	female	general	6	17
25	934	male	technical	1	3
302	935	female	vocational	4	43
124	936	female	general	20	17
8	937	female	general	0	3
1527	938	female	technical	3	381
167	939	female	general	5	42
2234	940	female	technical	133	422
5311	941	female	general	108	505
1	942	male	technical	0	1
6048	943	female	general	2710	710
341	944	female	vocational	41	32
556	945	female	general	4	123
18	946	female	general	2	6
759	947	male	general	10	62
23	948	female	vocational	0	8
412	949	female	general	7	7
265	950	female	vocational	2	32
219	951	male	general	2	47
264	952	male	vocational	3	37
1144	953	male	general	39	153
1935	954	female	general	66	245
1283	955	female	general	55	93
14764	956	female	vocational	4625	2056
118	957	female	general	0	13
1801	958	male	technical	37	414
678	959	female	vocational	233	163
2	960	female	general	0	0
3234	961	male	vocational	66	524
8	962	female	general	0	0
1105	963	male	technical	96	151
81	964	female	general	0	11
98	965	male	technical	0	13
5154	966	male	vocational	151	1019
23	967	male	vocational	0	7
456	968	male	general	17	76
7049	969	male	technical	10	1403
43	970	female	technical	0	10
6	971	female	vocational	0	2
30101	972	female	technical	94	4442
7256	973	female	technical	198	1210
235	974	male	vocational	22	38
227	975	female	general	8	23
119	976	male	technical	1	12
536	977	female	technical	3	84
6172	978	male	general	180	1097
53	979	female	general	2	3
10662	980	female	general	862	2586
260	981	male	technical	164	20
8919	982	male	general	162	1257
91	983	male	general	5	18
2060	984	male	general	7	337
71	985	male	vocational	0	10
46	986	female	general	24	4
1091	987	female	technical	29	219
2368	988	female	technical	21	382
4586	989	female	general	121	872
5	990	female	vocational	2	2
523	991	female	general	31	81
2217	992	female	vocational	123	147
1603	993	male	general	78	261
69	994	male	vocational	0	16
1089	995	male	general	4	242
36	996	female	general	4	9
168	997	male	vocational	7	38
1788	998	female	general	107	100
9105	999	female	general	3298	1835
266	1000	male	general	7	23
102	1001	male	vocational	0	19
1312	1002	male	technical	36	281
284	1003	male	general	0	36
202	1004	male	general	0	33
4	1005	male	vocational	0	1
26	1006	male	vocational	0	4
181	1007	female	technical	0	39
296	1008	female	vocational	10	39
21	1009	female	general	0	8
32	1010	male	vocational	0	3
590	1011	male	general	4	110
11663	1012	male	technical	171	1500
105	1013	female	general	7	7
1671	1014	female	technical	17	390
4373	1015	male	vocational	3669	832
145	1016	female	technical	15	28
73	1017	female	technical	0	20
204	1018	female	general	0	37
75	1019	female	vocational	38	20
40	1020	female	general	4	4
1548	1021	female	general	5	225
2182	1022	male	vocational	127	296
523	1023	female	vocational	32	118
299	1024	female	technical	9	57
9	1025	male	technical	6	6
1269	1026	male	general	7	335
974	1027	female	technical	10	176
2428	1028	female	technical	26	144
115	1029	female	general	21	28
26	1030	male	general	0	4
841	1031	male	technical	3	199
21	1032	male	vocational	0	7
30	1033	female	vocational	1	10
209	1034	female	vocational	13	48
4043	1035	male	technical	275	1132
341	1036	male	technical	0	85
67	1037	male	vocational	1	11
1676	1038	female	technical	1	276
698	1039	female	vocational	68	171
2708	1040	female	technical	220	493
254	1041	male	general	14	46
986	1042	male	vocational	92	219
5416	1043	female	vocational	1845	1375
87	1044	male	technical	0	15
655	1045	male	vocational	20	166
1905	1046	male	technical	39	345
25430	1047	female	technical	568	3768
31	1048	female	vocational	2	8
43	1049	female	vocational	0	6
18	1050	female	technical	0	1
3271	1051	male	technical	48	524
258	1052	male	general	0	36
390	1053	female	technical	21	86
123	1054	female	general	32	16
1902	1055	female	general	179	271
497	1056	male	general	94	56
755	1057	male	general	25	40
5735	1058	male	technical	172	871
2120	1059	female	general	53	144
551	1060	male	technical	25	108
474	1061	male	vocational	15	83
51	1062	female	general	0	3
358	1063	female	general	441	61
46	1064	female	general	6	10
70	1065	female	general	2	5
714	1066	male	general	13	109
6702	1067	female	technical	100	1633
19324	1068	male	technical	1265	3962
284	1069	female	vocational	28	74
1894	1070	male	vocational	258	303
62	1071	male	vocational	0	16
418	1072	female	general	58	70
22	1073	female	vocational	11	2
6	1074	female	general	0	1
110	1075	female	general	16	20
224	1076	female	technical	0	32
395	1077	male	vocational	4	82
81	1078	male	general	0	12
433	1079	male	technical	1	82
8	1080	male	vocational	0	4
35	1081	male	vocational	1	11
277	1082	male	vocational	0	62
179	1083	male	technical	2	34
179	1084	male	general	0	18
130	1085	female	technical	1	30
1693	1086	female	vocational	180	316
344	1087	female	technical	57	22
65	1088	female	general	0	11
572	1089	male	general	9	139
8	1090	female	technical	0	1
180	1091	female	technical	0	28
23	1092	male	vocational	0	2
4612	1093	female	vocational	374	419
593	1094	male	vocational	0	95
203	1095	female	general	0	30
716	1096	male	technical	20	150
1987	1097	female	vocational	191	277
165	1098	male	general	2	8
410	1099	male	vocational	16	88
5372	1100	female	vocational	649	952
833	1101	female	general	78	46
458	1102	female	vocational	7	96
826	1103	female	general	3	165
103	1104	female	vocational	0	42
701	1105	male	vocational	1	179
111	1106	male	general	3	24
1222	1107	male	technical	1	333
54	1108	male	general	10	11
3	1109	male	general	6	2
611	1110	male	general	12	147
693	1111	female	vocational	29	137
497	1112	female	general	0	24
69	1113	female	general	12	5
193	1114	male	technical	0	37
5928	1115	male	technical	427	1672
7	1116	male	vocational	0	4
713	1117	female	vocational	120	209
4	1118	male	vocational	0	0
3338	1119	female	vocational	175	392
101	1120	male	technical	1	8
110	1121	male	technical	1	12
191	1122	male	general	28	34
38	1123	male	general	0	10
501	1124	female	general	49	82
6213	1125	female	technical	682	905
1123	1126	female	general	1	186
54	1127	female	general	0	11
1105	1128	male	vocational	59	214
191	1129	female	general	1	38
852	1130	male	technical	39	117
3290	1131	male	technical	130	367
64	1132	female	general	0	5
332	1133	male	general	5	63
10	1134	female	technical	0	1
112	1135	female	technical	4	13
1154	1136	male	vocational	0	263
8794	1137	male	general	38	857
346	1138	female	general	3	66
1215	1139	female	technical	27	222
13	1140	female	vocational	8	0
1151	1141	male	technical	0	77
4002	1142	female	technical	568	446
6	1143	male	vocational	0	0
864	1144	female	vocational	71	192
394	1145	female	general	0	117
647	1146	male	general	2	162
161	1147	male	technical	2	22
165	1148	female	technical	4	10
103	1149	female	general	3	21
85	1150	female	general	13	11
219	1151	male	vocational	2	11
1502	1152	male	technical	1	115
1794	1153	male	general	110	373
12	1154	male	vocational	0	6
64	1155	female	vocational	0	10
31	1156	female	technical	1	3
226	1157	male	vocational	11	42
655	1158	male	technical	20	166
134	1159	female	general	22	25
2953	1160	male	vocational	433	590
328	1161	male	technical	0	37
112	1162	female	general	2	11
188	1163	female	general	10	31
129	1164	female	general	23	11
74	1165	female	general	13	15
126	1166	female	technical	19	10
28	1167	male	vocational	0	5
850	1168	male	general	25	158
215	1169	male	technical	3	55
1723	1170	female	technical	5	339
388	1171	male	technical	9	98
35	1172	male	general	4	6
97	1173	male	technical	0	10
1171	1174	female	vocational	148	100
42	1175	male	general	0	6
41	1176	female	technical	0	13
301	1177	male	general	21	39
3663	1178	female	vocational	86	732
134	1179	female	general	12	32
40001	1180	female	general	930	2474
131	1181	female	general	5	15
37	1182	female	technical	5	3
23438	1183	male	vocational	96	5361
438	1184	female	vocational	5	62
43	1185	female	vocational	0	8
161	1186	female	technical	103	51
1218	1187	female	general	2563	168
423	1188	female	general	2	99
70	1189	male	vocational	0	7
2531	1190	female	general	9	231
24	1191	male	general	2	3
276	1192	male	general	13	52
1664	1193	male	general	20	235
56	1194	male	vocational	0	10
253	1195	female	general	6	45
1454	1196	male	general	4	378
1	1197	male	vocational	0	0
1299	1198	female	general	8	176
33	1199	male	vocational	3	3
45	1200	male	technical	1	5
434	1201	female	technical	28	54
592	1202	male	vocational	37	24
30	1203	female	vocational	0	4
2528	1204	female	technical	366	451
168	1205	male	technical	7	38
1003	1206	male	general	4	135
1076	1207	female	technical	18	159
5458	1208	female	technical	4	905
7	1209	male	general	0	2
21	1210	female	technical	0	8
4518	1211	female	vocational	584	447
10788	1212	female	vocational	246	2644
341	1213	male	general	24	79
38	1214	male	general	0	0
774	1215	female	vocational	3	82
1694	1216	female	technical	56	300
64	1217	female	vocational	0	5
73	1218	female	vocational	5	6
1470	1219	male	general	38	340
56	1220	female	technical	9	12
320	1221	male	general	24	62
16	1222	female	general	0	1
272	1223	male	vocational	0	18
452	1224	male	general	6	64
14	1225	female	technical	0	6
30	1226	male	general	2	7
94	1227	female	vocational	13	18
162	1228	male	technical	11	26
59	1229	male	vocational	0	18
1348	1230	male	general	3	210
5152	1231	female	technical	35	803
116	1232	female	general	1	0
18299	1233	female	vocational	1670	2977
5079	1234	female	technical	235	817
139	1235	female	general	0	9
360	1236	male	general	0	55
5	1237	male	general	0	1
152	1238	male	technical	2	24
1627	1239	female	vocational	33	122
99	1240	male	general	0	22
95	1241	female	general	6	16
529	1242	male	vocational	9	67
1283	1243	female	general	18	62
84	1244	female	general	0	22
70	1245	male	general	1	16
51	1246	female	vocational	4	10
224	1247	male	technical	7	47
5038	1248	male	technical	26	940
2017	1249	female	technical	8	231
15	1250	male	vocational	0	2
27	1251	female	technical	0	1
65	1252	male	vocational	0	12
1004	1253	female	vocational	38	248
279	1254	male	general	6	84
75	1255	female	vocational	1	24
43	1256	male	technical	0	14
1371	1257	male	vocational	31	128
1334	1258	female	vocational	64	109
1466	1259	male	general	9	378
22	1260	male	technical	1	4
14	1261	male	vocational	0	5
6408	1262	female	general	300	320
439	1263	male	vocational	1	46
96	1264	female	technical	1	13
393	1265	female	technical	2	58
433	1266	female	technical	1	74
271	1267	female	general	61	29
645	1268	female	general	3	24
82	1269	male	general	8	18
22	1270	female	vocational	8	2
12434	1271	female	technical	403	2857
13	1272	male	general	0	1
201	1273	male	general	1	28
41	1274	female	general	11	2
1255	1275	female	vocational	78	360
92	1276	female	general	3	16
163	1277	male	vocational	5	36
428	1278	female	technical	2	43
269	1279	female	technical	27	52
8366	1280	male	vocational	195	1847
3997	1281	female	technical	149	698
46	1282	female	general	4	8
63	1283	male	technical	3	9
340	1284	male	vocational	27	68
1945	1285	female	technical	700	502
41	1286	male	vocational	0	12
94	1287	female	technical	2	19
278	1288	male	general	118	53
415	1289	female	vocational	1	39
2020	1290	female	general	125	222
378	1291	female	general	55	46
278	1292	female	general	4	42
1180	1293	male	general	5	311
97	1294	female	general	5	18
303	1295	female	general	18	70
203	1296	male	vocational	0	66
111	1297	female	general	7	25
1749	1298	female	vocational	167	197
81	1299	male	vocational	0	17
21	1300	female	technical	0	3
1830	1301	female	technical	5	392
1552	1302	male	technical	23	263
128	1303	female	vocational	8	18
1191	1304	female	general	19	147
1053	1305	male	technical	13	166
861	1306	female	technical	138	124
2235	1307	female	technical	42	426
397	1308	male	general	14	106
34	1309	female	technical	0	8
2064	1310	male	general	14	432
222	1311	female	general	10	11
1914	1312	female	general	26	329
4	1313	male	general	0	2
1089	1314	male	vocational	226	277
18708	1315	female	technical	383	634
2799	1316	female	general	30	328
6690	1317	female	vocational	812	872
119	1318	female	technical	5	23
797	1319	male	general	10	196
165	1320	male	vocational	0	37
86	1321	male	vocational	0	19
24	1322	male	general	0	5
5	1323	male	vocational	0	0
367	1324	female	vocational	2	50
586	1325	female	technical	7	84
294	1326	male	technical	0	40
1629	1327	male	technical	33	279
230	1328	female	technical	3	51
50	1329	male	general	1	3
80	1330	male	vocational	6	20
52	1331	female	general	0	5
414	1332	female	general	26	32
836	1333	male	general	3	148
1542	1334	male	vocational	84	126
33	1335	male	technical	1	8
307	1336	male	general	3	33
1	1337	male	general	0	0
22	1338	male	technical	0	5
17644	1339	female	general	190	1853
146	1340	female	technical	2	24
27	1341	female	general	0	3
637	1342	male	vocational	6	157
29	1343	male	general	0	6
94	1344	female	technical	0	17
368	1345	female	general	5	16
140	1346	male	technical	7	7
843	1347	male	technical	31	170
502	1348	female	vocational	50	92
10128	1349	female	vocational	2115	2177
37	1350	female	general	1	10
36	1351	female	general	1	2
386	1352	female	vocational	89	77
372	1353	male	general	0	71
380	1354	female	vocational	1	18
33	1355	male	vocational	4	8
5304	1356	female	general	57	610
92	1357	male	general	1	21
179	1358	male	vocational	1	25
182	1359	male	vocational	18	41
8	1360	male	general	0	1
1119	1361	male	general	1	134
46	1362	male	general	0	9
40	1363	female	technical	0	8
356	1364	female	vocational	2	87
137	1365	male	vocational	27	23
13249	1366	female	vocational	1699	1862
1045	1367	male	technical	3	134
8	1368	female	general	0	5
633	1369	female	technical	0	67
248	1370	female	vocational	3	51
2282	1371	male	general	7	314
236	1372	male	technical	73	47
592	1373	male	general	7	122
1213	1374	female	technical	0	288
796	1375	female	technical	10	64
2	1376	male	general	0	1
265	1377	male	general	0	49
482	1378	female	general	110	105
3871	1379	male	vocational	123	904
287	1380	female	technical	4	68
407	1381	female	technical	25	66
613	1382	female	general	1	96
1657	1383	female	vocational	74	410
322	1384	male	general	0	54