nr_tokens	subject_ID	gender	education	age_cat	emoticons	nonstd_Dutch
502	1499	female	vocational	young_teen	50	92
1470	2211	female	vocational	young_teen	2855	492
1536	website 658	male	vocational	young_teen	231	222
676	123	male	vocational	young_teen	0	124
5494	1327	male	general	young_teen	365	827
219	website 689	male	vocational	young_teen	2	11
226	1613	female	general	young_teen	4	19
2805	1351	female	general	young_teen	1246	551
225	1352	male	general	young_teen	0	33
24	1353	male	general	young_teen	0	6
4118	website 630	female	vocational	young_teen	273	687
16	652	female	technical	young_teen	6	3
280	179	male	vocational	young_teen	1	64
613	1935	female	general	young_teen	1	96
224	600	female	technical	young_teen	0	49
27	553	female	general	young_teen	0	3
245	website 151	female	general	young_teen	4	34
2139	619	female	technical	young_teen	41	408
17	1861	male	vocational	young_teen	0	5
63	61	male	general	young_teen	1	7
77	1518	male	general	young_teen	0	9
31	1237	male	technical	young_teen	0	6
1656	1858	male	vocational	young_teen	92	209
276	1972	female	vocational	young_teen	1	53
456	website 420	male	general	young_teen	17	76
111	59	female	general	young_teen	7	25
340	website 622	male	vocational	young_teen	27	68
36	1612	female	general	young_teen	1	3
205	451	male	technical	young_teen	3	41
760	website 8	male	general	young_teen	1	164
233	638	female	technical	young_teen	2	33
505	website 377	female	general	young_teen	0	97
33	website 386	female	general	young_teen	3	11
352	213	male	technical	young_teen	3	51
23	1864	male	vocational	young_teen	0	2
97	website 447	female	vocational	young_teen	0	17
224	1502	male	technical	young_teen	7	47
80	1517	male	general	young_teen	0	32
426	9	female	general	young_teen	20	51
296	website 653	female	vocational	young_teen	10	39
196	399	male	general	young_teen	13	35
1	89	male	vocational	young_teen	0	0
36	website 434	female	general	young_teen	1	2
3830	website 61	female	general	young_teen	7	655
70	1496	male	technical	young_teen	2	6
62	1976	male	vocational	young_teen	0	16
161	website 394	male	general	young_teen	1	33
6284	231	male	vocational	young_teen	99	949
14144	website 351	male	technical	young_teen	58	3027
4	1354	male	general	young_teen	0	2
378	website 419	female	general	young_teen	55	46
946	website 650	male	vocational	young_teen	84	208
1	1054	female	general	young_teen	1	0
132	1242	female	general	young_teen	3	10
1026	79	male	vocational	young_teen	42	184
29	552	female	technical	young_teen	2	4
1174	161	female	general	young_teen	6	246
2953	website 617	male	vocational	young_teen	433	590
14	107	male	vocational	young_teen	0	5
314	63	female	vocational	young_teen	1	43
10348	website 449	female	vocational	young_teen	1323	1631
434	2228	female	technical	young_teen	28	54
599	1336	female	technical	young_teen	1	52
47	1867	female	vocational	young_teen	2	12
934	website 614	female	vocational	young_teen	278	141
7921	website 659	male	vocational	young_teen	668	2230
3289	260	male	general	young_teen	45	456
184	698	female	general	young_teen	0	17
27	1045	female	general	young_teen	1	8
719	1624	female	general	young_teen	25	67
133	60	male	general	young_teen	9	28
1945	1013	male	general	young_teen	76	385
378	715	female	vocational	young_teen	25	114
403	website 55	female	general	young_teen	0	38
121	518	male	technical	young_teen	1	12
48	114	male	vocational	young_teen	0	3
11	2204	male	vocational	young_teen	0	1
5194	577	female	technical	young_teen	615	716
74	16	female	general	young_teen	13	15
988	482	female	general	young_teen	27	176
93	544	female	technical	young_teen	0	17
1123	1896	female	general	young_teen	1	186
249	1522	male	general	young_teen	1	63
1186	1958	female	vocational	young_teen	0	275
8	44	male	general	young_teen	0	1
32	576	female	technical	young_teen	0	5
13	761	male	technical	young_teen	0	1
44	1195	female	general	young_teen	0	5
5186	website 567	female	vocational	young_teen	210	611
70	466	male	general	young_teen	1	17
339	1197	female	technical	young_teen	4	46
568	2115	male	vocational	young_teen	1	97
103	1975	female	vocational	young_teen	0	42
54	37	female	general	young_teen	0	11
3	website 259	male	vocational	young_teen	2	0
1105	website 638	male	vocational	young_teen	59	214
1	1069	female	general	young_teen	3	0
19	website 35	female	general	young_teen	1	0
2064	339	male	general	young_teen	14	432
1036	27	male	general	young_teen	0	273
380	424	female	vocational	young_teen	1	18
1914	1190	female	general	young_teen	26	329
1037	540	male	technical	young_teen	0	215
52	1380	female	general	young_teen	0	5
110	1495	male	technical	young_teen	1	12
341	1493	male	technical	young_teen	0	85
73	363	female	technical	young_teen	0	20
12924	website 646	female	vocational	young_teen	850	1922
7644	135	male	vocational	young_teen	30	1394
435	58	male	general	young_teen	33	87
30	website 562	female	vocational	young_teen	0	1
267	35	male	general	young_teen	0	9
65	92	female	vocational	young_teen	14	22
1859	1012	male	technical	young_teen	49	298
201	1971	female	vocational	young_teen	7	24
384	website 275	male	technical	young_teen	1	42
856	768	female	vocational	young_teen	17	125
6941	website 669	female	vocational	young_teen	425	1350
7	website 355	male	technical	young_teen	0	2
1105	2186	male	technical	young_teen	96	151
147	1506	female	general	young_teen	0	25
27	website 602	male	vocational	young_teen	0	6
243	website 692	male	vocational	young_teen	6	64
26	2145	female	general	young_teen	4	6
94	509	female	vocational	young_teen	13	18
46	1047	female	general	young_teen	4	8
69	1678	female	general	young_teen	12	5
2407	1942	female	vocational	young_teen	12	626
423	269	female	general	young_teen	2	99
499	1626	female	general	young_teen	13	64
84	583	female	general	young_teen	0	22
97	1671	female	general	young_teen	5	18
56	1055	female	general	young_teen	0	14
666	2190	female	general	young_teen	76	89
3831	326	female	general	young_teen	89	501
5	website 637	male	general	young_teen	0	0
255	website 515	female	vocational	young_teen	54	19
63	2200	male	technical	young_teen	3	9
141	website 240	female	technical	young_teen	3	15
274	website 550	female	vocational	young_teen	7	41
45	website 657	female	vocational	young_teen	6	3
17	2137	male	general	young_teen	1	4
252	website 690	male	vocational	young_teen	35	46
72	75	male	vocational	young_teen	0	12
284	website 624	female	vocational	young_teen	28	74
278	730	male	general	young_teen	118	53
1255	1860	female	vocational	young_teen	78	360
66	217	male	technical	young_teen	2	5
100	134	female	general	young_teen	12	25
10	website 262	female	vocational	young_teen	0	3
260	863	male	technical	young_teen	164	20
258	1379	male	general	young_teen	0	36
18299	website 569	female	vocational	young_teen	1670	2977
13	2189	male	technical	young_teen	0	2
1609	website 495	male	technical	young_teen	4	386
116	1602	male	general	young_teen	0	34
50	1058	female	technical	young_teen	0	5
22	465	male	technical	young_teen	1	4
3	2185	female	general	young_teen	0	0
183	242	female	general	young_teen	2	17
482	2177	female	general	young_teen	110	105
62	1175	female	technical	young_teen	1	6
1298	337	male	general	young_teen	1	258
191	2184	male	general	young_teen	28	34
85	722	female	general	young_teen	13	11
12155	625	female	general	young_teen	820	1397
56	856	male	technical	young_teen	0	16
49	100	female	vocational	young_teen	0	13
442	website 625	female	vocational	young_teen	1	109
2001	729	male	general	young_teen	7	537
294	215	male	technical	young_teen	0	40
49	1072	female	general	young_teen	13	9
833	727	female	general	young_teen	78	46
21	714	female	vocational	young_teen	3	5
843	629	female	general	young_teen	107	100
1507	162	female	general	young_teen	41	184
21	633	female	technical	young_teen	0	3
45	website 610	male	vocational	young_teen	0	10
28	2156	male	technical	young_teen	3	9
162	website 380	female	general	young_teen	0	49
55	1358	male	general	young_teen	0	1
265	website 656	female	vocational	young_teen	2	32
331	website 221	male	technical	young_teen	1	45
222	223	male	vocational	young_teen	7	47
134	516	male	vocational	young_teen	0	12
128	website 556	female	vocational	young_teen	8	18
388	1945	male	technical	young_teen	9	98
227	1915	male	general	young_teen	0	36
65	164	female	vocational	young_teen	0	12
1894	65	male	vocational	young_teen	258	303
161	2120	female	technical	young_teen	103	51
323	website 507	male	technical	young_teen	1	65
3331	491	female	general	young_teen	249	579
331	129	male	vocational	young_teen	0	48
618	website 393	male	general	young_teen	0	74
1722	website 401	male	general	young_teen	4	440
146	1399	male	general	young_teen	27	36
426	190	male	technical	young_teen	37	112
92	40	female	general	young_teen	3	16
222	1857	male	vocational	young_teen	4	44
13	178	female	vocational	young_teen	8	0
99	289	female	general	young_teen	15	17
36	1673	female	general	young_teen	4	9
16	183	male	general	young_teen	0	5
2957	website 298	female	technical	young_teen	83	792
265	208	male	vocational	young_teen	0	65
31	1367	male	general	young_teen	0	5
1425	285	female	general	young_teen	7	127
122	367	male	vocational	young_teen	0	10
592	279	male	general	young_teen	7	122
732	83	male	vocational	young_teen	91	104
124	1677	female	general	young_teen	20	17
204	website 171	female	technical	young_teen	0	49
7	1504	male	vocational	young_teen	0	1
3215	288	male	general	young_teen	24	340
59	166	male	vocational	young_teen	0	18
226	1381	female	general	young_teen	0	23
10	1140	female	technical	young_teen	1	1
263	website 269	female	technical	young_teen	0	55
2342	website 489	male	technical	young_teen	40	670
502	220	female	vocational	young_teen	50	92
96	263	female	technical	young_teen	1	13
69	624	female	general	young_teen	4	13
934	160	female	general	young_teen	57	122
75	78	female	vocational	young_teen	0	14
5	759	female	vocational	young_teen	2	2
222	163	female	general	young_teen	10	11
2	1060	female	general	young_teen	0	0
457	39	female	general	young_teen	4	81
51	website 535	female	vocational	young_teen	4	10
2	283	male	general	young_teen	0	0
1658	159	female	general	young_teen	59	218
1076	243	female	technical	young_teen	18	159
5	1373	male	general	young_teen	0	1
1087	website 215	male	technical	young_teen	13	241
207	209	male	vocational	young_teen	0	36
50090	324	female	technical	young_teen	678	9599
687	1926	male	general	young_teen	7	146
2891	website 433	male	general	young_teen	16	427
2	98	male	vocational	young_teen	0	0
116	1391	female	general	young_teen	0	24
103	926	female	technical	young_teen	2	23
1138	610	female	technical	young_teen	36	158
38	1249	male	general	young_teen	0	10
137	2182	male	general	young_teen	25	34
25	157	male	technical	young_teen	1	3
145	2208	female	technical	young_teen	15	28
30	1656	male	general	young_teen	2	7
272	1962	male	vocational	young_teen	0	18
54	2144	female	general	young_teen	6	17
17	365	female	technical	young_teen	0	4
165	245	female	technical	young_teen	4	10
4064	2215	female	vocational	young_teen	547	611
253	1645	male	general	young_teen	6	21
37	1670	female	general	young_teen	1	10
5341	456	female	general	young_teen	99	1004
6	website 486	male	technical	young_teen	0	0
477	567	female	technical	young_teen	1	116
613	1918	male	technical	young_teen	3	101
227	239	female	general	young_teen	8	23
2	1064	male	general	young_teen	0	0
41	2166	male	vocational	young_teen	4	16
976	592	male	technical	young_teen	6	95
341	1519	male	general	young_teen	24	79
70	1653	male	general	young_teen	1	16
244	2183	male	technical	young_teen	11	27
7774	website 498	male	technical	young_teen	78	1621
105	1507	male	general	young_teen	0	13
79	62	female	general	young_teen	10	16
317	432	female	general	young_teen	40	17
3231	2173	male	technical	young_teen	39	380
5038	427	male	technical	young_teen	26	940
64	website 210	female	technical	young_teen	6	8
410	125	female	vocational	young_teen	58	76
518	1957	female	vocational	young_teen	1	138
438	1964	female	vocational	young_teen	5	62
68	93	female	vocational	young_teen	0	21
5	2135	male	technical	young_teen	4	2
203	131	male	vocational	young_teen	1	49
756	503	female	technical	young_teen	52	169
60	524	male	technical	young_teen	0	8
8	2149	female	vocational	young_teen	0	2
977	website 428	male	general	young_teen	15	154
397	1662	male	general	young_teen	14	106
257	website 445	female	general	young_teen	0	34
36	176	male	vocational	young_teen	12	6
2120	237	female	general	young_teen	53	144
240	233	male	general	young_teen	12	20
356	1978	female	vocational	young_teen	2	87
435	460	female	technical	young_teen	16	123
84	1654	male	general	young_teen	0	18
49	731	female	general	young_teen	8	6
21	website 279	female	technical	young_teen	0	3
4002	737	female	technical	young_teen	568	446
1388	764	female	vocational	young_teen	122	167
279	133	female	general	young_teen	9	41
3250	website 639	female	vocational	young_teen	989	701
92	website 272	male	technical	young_teen	1	7
47580	website 497	female	technical	young_teen	1583	9038
4	1051	female	general	young_teen	0	3
291	website 594	female	vocational	young_teen	15	23
4	2151	male	vocational	young_teen	0	1
15571	website 53	female	general	young_teen	155	1661
81	33	male	general	young_teen	0	12
1132	415	female	general	young_teen	43	92
3871	website 7	male	vocational	young_teen	123	904
18	2146	female	general	young_teen	2	6
90	1648	male	general	young_teen	2	26
9271	website 190	male	general	young_teen	72	396
26	1374	male	general	young_teen	0	4
577	website 73	male	general	young_teen	17	72
27	website 431	male	general	young_teen	0	3
7498	website 282	female	technical	young_teen	387	1192
19	2224	male	general	young_teen	2	0
161	website 341	male	technical	young_teen	15	3
41	15	female	general	young_teen	11	2
419	1279	female	general	young_teen	24	52
1711	1925	male	general	young_teen	56	309
107	197	male	general	young_teen	0	9
269	1192	female	technical	young_teen	27	52
1514	website 513	female	technical	young_teen	365	185
23	2153	female	technical	young_teen	6	10
84	1948	male	vocational	young_teen	0	11
484	1513	female	general	young_teen	0	14
23	111	female	vocational	young_teen	0	8
234	433	female	general	young_teen	9	16
1	1073	female	general	young_teen	2	0
1629	558	male	technical	young_teen	33	279
66	1101	male	vocational	young_teen	0	19
36	766	female	general	young_teen	2	5
4	1362	male	general	young_teen	0	0
370	1171	female	technical	young_teen	4	23
1493	546	female	technical	young_teen	0	367
2469	website 208	female	technical	young_teen	38	352
2736	website 348	male	technical	young_teen	288	676
7837	website 668	female	vocational	young_teen	24	1516
341	website 649	female	vocational	young_teen	41	32
30	699	female	vocational	young_teen	0	4
818	website 537	female	vocational	young_teen	48	149
41	2218	male	technical	young_teen	0	17
4	2148	female	general	young_teen	4	2
219	259	male	general	young_teen	2	47
169	website 444	female	general	young_teen	6	11
136	website 373	male	general	young_teen	0	31
13	1360	male	general	young_teen	0	1
332	548	male	technical	young_teen	0	86
600	1923	male	general	young_teen	2	71
317	1917	male	general	young_teen	0	48
186	121	female	vocational	young_teen	0	0
123	1068	female	general	young_teen	32	16
103	32	female	general	young_teen	3	21
334	84	female	vocational	young_teen	7	47
2	website 607	male	vocational	young_teen	0	0
5869	767	female	vocational	young_teen	485	933
1151	119	male	technical	young_teen	0	77
231	1071	female	general	young_teen	34	36
768	504	female	technical	young_teen	2	148
5870	website 354	female	technical	young_teen	188	1708
276	1011	male	general	young_teen	13	52
299	2092	female	technical	young_teen	9	57
394	1516	female	general	young_teen	0	117
348	31	male	general	young_teen	1	83
527	website 500	male	technical	young_teen	1	72
2182	website 654	male	vocational	young_teen	127	296
81	598	female	general	young_teen	0	11
33	110	female	general	young_teen	0	6
4304	496	male	technical	young_teen	328	798
808	1583	male	general	young_teen	53	209
62	143	female	vocational	young_teen	0	9
5630	2176	male	technical	young_teen	35	550
18	website 430	female	general	young_teen	1	0
75	website 524	female	vocational	young_teen	38	20
140	1395	male	vocational	young_teen	20	24
308	497	male	technical	young_teen	32	56
1	1048	female	general	young_teen	0	0
257	website 508	male	technical	young_teen	6	36
5	1057	male	general	young_teen	1	2
46603	571	female	technical	young_teen	931	10136
5372	771	female	vocational	young_teen	649	952
36	website 544	female	vocational	young_teen	0	7
48	website 197	male	general	young_teen	0	15
1419	663	male	technical	young_teen	15	326
118	1049	female	general	young_teen	0	13
5663	website 456	female	vocational	young_teen	948	761
10128	website 539	female	vocational	young_teen	2115	2177
2373	website 509	male	technical	young_teen	15	510
37	1070	female	general	young_teen	13	5
441	532	female	technical	young_teen	0	93
264	1591	male	general	young_teen	26	40
2701	211	male	vocational	young_teen	6	774
46	1368	male	general	young_teen	0	9
15	1378	male	technical	young_teen	0	3
38	1063	male	general	young_teen	0	0
497	312	male	general	young_teen	9	123
1	1361	male	general	young_teen	0	0
182	2112	male	vocational	young_teen	18	41
9264	website 347	female	technical	young_teen	307	1566
407	1944	male	vocational	young_teen	6	90
27446	1189	female	technical	young_teen	92	4108
106	1061	female	general	young_teen	9	25
5	101	male	vocational	young_teen	0	2
3655	website 356	male	technical	young_teen	273	1080
41	1862	male	vocational	young_teen	0	12
1470	1647	male	general	young_teen	38	340
17	2133	female	vocational	young_teen	19	3
23	2134	female	technical	young_teen	0	6
360	481	female	general	young_teen	2	65
6048	website 436	female	general	young_teen	2710	710
139	website 503	male	technical	young_teen	0	38
165	website 514	male	vocational	young_teen	0	37
21	website 525	male	vocational	young_teen	0	4
1597	437	male	technical	young_teen	3	165
230	2229	female	technical	young_teen	3	51
593	website 623	male	vocational	young_teen	0	95
1252	website 448	female	vocational	young_teen	239	97
1	website 541	male	vocational	young_teen	3	0
1345	website 88	female	general	young_teen	66	150
996	website 613	female	vocational	young_teen	119	206
578	1350	female	general	young_teen	24	115
4	1355	male	general	young_teen	0	0
11	750	male	technical	young_teen	5	3
2219	website 288	female	technical	young_teen	115	468
484	1628	male	general	young_teen	12	88
1772	240	female	technical	young_teen	42	175
320	43	male	general	young_teen	0	58
7859	website 626	female	vocational	young_teen	715	658
13	1375	male	general	young_teen	0	1
407	1498	female	technical	young_teen	25	66
6	8	female	technical	young_teen	0	0
2020	website 417	female	general	young_teen	125	222
167	1065	female	general	young_teen	5	42
172	361	female	technical	young_teen	0	25
116	1357	male	general	young_teen	0	25
42	1532	female	technical	young_teen	2	2
1523	483	male	technical	young_teen	13	270
13587	website 666	male	vocational	young_teen	147	1458
88	108	male	vocational	young_teen	0	21
2799	335	female	general	young_teen	30	328
22	1639	male	vocational	young_teen	0	5
8	2143	female	general	young_teen	3	0
2355	1251	female	vocational	young_teen	16	578
414	website 548	male	vocational	young_teen	20	67
2530	website 647	female	vocational	young_teen	127	432
178	website 384	male	general	young_teen	0	32
244	495	female	general	young_teen	1	25
3	319	male	general	young_teen	1	0
1466	1059	male	general	young_teen	9	378
3663	1102	female	vocational	young_teen	86	732
234	website 383	female	general	young_teen	0	34
183	1370	male	general	young_teen	1	42
684	1664	male	general	young_teen	1	217
291	website 506	male	technical	young_teen	21	30
127	666	male	vocational	young_teen	1	25
31	1043	female	general	young_teen	2	4
194	website 353	male	technical	young_teen	1	42
5	171	male	vocational	young_teen	0	0
1121	website 450	female	vocational	young_teen	263	237
60	1083	male	general	young_teen	14	9
209	147	female	vocational	young_teen	13	48
4260	668	male	technical	young_teen	7	941
79	713	female	vocational	young_teen	1	23
134	545	female	general	young_teen	12	32
1299	247	female	general	young_teen	8	176
7	website 376	male	general	young_teen	0	2
1788	2168	female	general	young_teen	107	100
302	1520	female	general	young_teen	6	68
3684	445	female	technical	young_teen	143	649
368	website 429	female	general	young_teen	5	16
122	website 620	male	vocational	young_teen	12	26
1053	539	male	technical	young_teen	13	166
43	316	female	technical	young_teen	0	10
4	158	male	vocational	young_teen	0	1
148	website 663	female	vocational	young_teen	6	45
287	1176	female	technical	young_teen	4	68
3607	website 220	female	technical	young_teen	18	1093
864	1497	female	vocational	young_teen	71	192
5416	website 635	female	vocational	young_teen	1845	1375
30149	website 570	female	vocational	young_teen	2461	3245
713	website 628	female	vocational	young_teen	120	209
110	216	male	technical	young_teen	1	12
371	website 520	female	technical	young_teen	1	27
279	1521	male	general	young_teen	6	84
111	2236	male	vocational	young_teen	0	23
90	1	male	general	young_teen	0	24
179	1365	male	general	young_teen	0	18
496	1026	female	general	young_teen	47	65
231	172	male	vocational	young_teen	0	84
8516	717	female	vocational	young_teen	1623	2427
6315	website 291	male	technical	young_teen	238	1186
1384	website 192	male	general	young_teen	3	140
25	1062	male	general	young_teen	21	2
1	1364	male	general	young_teen	0	0
16	website 266	male	technical	young_teen	0	5
446	1641	male	vocational	young_teen	17	48
55	145	female	technical	young_teen	22	4
41530	404	female	technical	young_teen	369	6288
19	1949	female	vocational	young_teen	5	5
991	2178	female	general	young_teen	116	142
58	1067	male	technical	young_teen	2	4
30	1649	male	general	young_teen	0	4
18	1382	female	general	young_teen	0	4
251	854	female	general	young_teen	36	55
125	718	male	general	young_teen	0	30
1192	501	female	technical	young_teen	50	214
41	150	female	technical	young_teen	0	13
32	99	male	vocational	young_teen	3	7
149	170	male	vocational	young_teen	2	25
2	2191	female	general	young_teen	0	0
16	1674	female	general	young_teen	1	2
328	2114	male	technical	young_teen	0	37
4080	1276	female	general	young_teen	262	982
22	188	female	vocational	young_teen	11	2
68	2249	male	technical	young_teen	0	22
764	1616	male	general	young_teen	12	42
821	30	female	general	young_teen	13	111
582	655	male	technical	young_teen	5	107
60	1601	male	general	young_teen	0	11
61	925	female	technical	young_teen	1	12
3371	website 606	female	vocational	young_teen	1340	467
89	1667	male	general	young_teen	0	28
548	1509	male	technical	young_teen	7	80
17	website 302	male	technical	young_teen	0	5
367	692	female	vocational	young_teen	2	50
103	264	male	technical	young_teen	1	8
4567	website 304	female	technical	young_teen	663	699
796	2188	female	vocational	young_teen	1	75
158	website 388	female	general	young_teen	5	33
239	688	female	general	young_teen	5	36
1657	website 560	female	vocational	young_teen	74	410
119	687	female	general	young_teen	2	23
35	1960	male	vocational	young_teen	2	6
46	1052	female	general	young_teen	6	10
146	2122	male	technical	young_teen	3	37
750	530	female	technical	young_teen	11	138
440	website 652	male	vocational	young_teen	46	72
63	95	male	vocational	young_teen	0	10
4173	website 559	female	vocational	young_teen	1438	870
124	1074	female	general	young_teen	23	21
679	261	female	technical	young_teen	9	61
3828	website 492	male	technical	young_teen	47	781
25	1320	male	general	young_teen	1	5
2019	website 688	female	vocational	young_teen	173	257
50	127	male	vocational	young_teen	0	7
168	1501	male	technical	young_teen	7	38
119	180	male	vocational	young_teen	1	16
134	1400	female	general	young_teen	22	25
29869	486	female	technical	young_teen	1493	5754
594	406	male	general	young_teen	4	159
332	385	male	general	young_teen	5	63
36	2161	male	technical	young_teen	0	8
6408	244	female	general	young_teen	300	320
20	5	male	general	young_teen	0	11
2017	website 340	female	technical	young_teen	8	231
556	575	female	technical	young_teen	9	130
688	website 196	male	general	young_teen	6	143
1895	website 465	female	general	young_teen	1493	190
304	914	male	general	young_teen	0	56
21895	website 627	female	vocational	young_teen	1363	4917
2239	website 217	male	technical	young_teen	122	434
32	2175	male	general	young_teen	8	5
115	860	female	general	young_teen	21	28
259	587	male	technical	young_teen	6	50
280	1927	male	general	young_teen	3	55
328	1253	female	technical	young_teen	5	25
332	725	female	general	young_teen	152	49
3	2164	male	general	young_teen	6	2
405	website 685	male	vocational	young_teen	1	87
64	1173	female	general	young_teen	0	5
501	website 441	female	general	young_teen	49	82
1295	1259	female	general	young_teen	99	139
108	1371	male	general	young_teen	0	9
409	website 370	female	general	young_teen	3	64
8	website 440	female	general	young_teen	0	3
39988	1290	female	general	young_teen	929	2476
172	1921	male	general	young_teen	0	10
58	14	female	general	young_teen	13	14
121	1333	male	general	young_teen	0	37
67	1500	male	vocational	young_teen	1	11
119	1363	male	general	young_teen	0	22
576	770	female	technical	young_teen	48	61
22	1376	male	general	young_teen	0	3
92	1657	male	general	young_teen	1	21
1838	902	female	technical	young_teen	44	311
19324	website 397	male	technical	young_teen	1265	3962
12290	website 425	female	vocational	young_teen	1277	3021
25	website 621	male	vocational	young_teen	4	1
8068	website 655	female	vocational	young_teen	621	1117
29	1359	male	general	young_teen	0	6
6623	21	male	general	young_teen	28	1004
60	584	female	general	young_teen	0	10
139	340	female	general	young_teen	0	9
186	2210	female	technical	young_teen	26	38
99	website 163	female	technical	young_teen	3	16
407	219	female	technical	young_teen	25	66
374	website 345	female	technical	young_teen	10	96
3140	website 523	female	vocational	young_teen	86	610
370	website 357	male	technical	young_teen	23	53
23	262	male	technical	young_teen	0	6
191	397	female	general	young_teen	0	48
37	149	female	technical	young_teen	5	3
678	653	female	vocational	young_teen	233	163
5735	232	male	technical	young_teen	172	871
94	1642	male	general	young_teen	2	17
159	366	female	technical	young_teen	0	5
91	141	male	general	young_teen	4	5
10193	website 427	female	vocational	young_teen	225	2474
395	website 519	male	vocational	young_teen	4	82
439	2216	male	vocational	young_teen	1	46
168	222	male	vocational	young_teen	7	38
75	1672	female	vocational	young_teen	4	19
119	153	male	technical	young_teen	1	12
67	221	male	vocational	young_teen	1	11
1702	1172	male	technical	young_teen	162	356
78	560	male	technical	young_teen	0	6
1937	328	female	general	young_teen	35	190
440	website 297	female	technical	young_teen	16	95
279	website 296	male	technical	young_teen	7	58
337	1196	female	general	young_teen	13	31
129	1588	female	general	young_teen	12	16
335	website 432	male	general	young_teen	7	53
1110	website 290	male	technical	young_teen	13	340
68	website 294	female	technical	young_teen	3	9
258	website 101	female	general	young_teen	0	53
712	551	male	technical	young_teen	26	139
6172	230	male	general	young_teen	180	1097
44	1941	male	technical	young_teen	2	4
1334	757	female	vocational	young_teen	64	109
6	2219	male	general	young_teen	0	2
3665	867	female	general	young_teen	316	749
9	website 182	male	general	young_teen	0	1
412	2084	female	technical	young_teen	52	106
346	1609	female	general	young_teen	3	66
89	267	female	general	young_teen	0	2
483	527	male	technical	young_teen	3	148
1135	266	female	general	young_teen	5	102
70	2181	male	vocational	young_teen	0	7
673	1859	male	vocational	young_teen	21	142
30	website 292	female	technical	young_teen	1	1
1171	website 629	female	vocational	young_teen	148	100
414	1630	female	general	young_teen	26	32
1	1088	female	general	young_teen	0	1
33	154	male	vocational	young_teen	4	8
431	1919	male	general	young_teen	3	37
25	1669	female	general	young_teen	0	6
148	1106	female	general	young_teen	47	27
452	1112	male	general	young_teen	6	64
31	763	female	vocational	young_teen	2	8
53	2160	female	technical	young_teen	2	1
51	1655	male	general	young_teen	0	13
1902	website 463	female	general	young_teen	179	271
389	537	male	technical	young_teen	0	112
712	website 382	female	general	young_teen	1	164
11177	462	female	technical	young_teen	331	1715
15	81	male	vocational	young_teen	0	2
28	website 78	male	general	young_teen	2	1
3538	117	female	vocational	young_teen	42	463
164	website 379	male	general	young_teen	0	42
205	website 82	female	general	young_teen	5	57
597	website 529	male	vocational	young_teen	22	82
638	website 30	male	general	young_teen	6	108
1202	635	female	technical	young_teen	1	234
31	website 418	male	general	young_teen	0	2
29	1372	male	general	young_teen	0	3
6	2136	male	vocational	young_teen	0	0
1251	website 511	male	technical	young_teen	7	305
47	290	female	general	young_teen	0	10
428	405	female	general	young_teen	11	14
6054	website 213	female	technical	young_teen	305	801
81	1056	female	general	young_teen	5	14
25	1046	female	general	young_teen	3	4
2361	740	male	general	young_teen	17	523
4612	website 632	female	vocational	young_teen	374	419
2582	website 299	female	technical	young_teen	202	455
383	1356	male	general	young_teen	4	68
168	1344	female	general	young_teen	0	17
22	862	female	vocational	young_teen	0	4
2423	523	female	technical	young_teen	2	573
752	website 443	male	general	young_teen	2	123
7531	673	female	general	young_teen	134	1867
1591	677	female	vocational	young_teen	125	322
1669	1584	female	general	young_teen	122	357
3702	2214	female	vocational	young_teen	85	641
313	2187	male	general	young_teen	49	30
2038	1663	male	general	young_teen	116	333
1485	313	male	general	young_teen	49	291
359	2152	female	vocational	young_teen	32	128
4518	website 631	female	vocational	young_teen	584	447
299	543	female	technical	young_teen	11	74
676	website 530	female	vocational	young_teen	453	43
986	684	male	vocational	young_teen	92	219
129	1398	female	general	young_teen	23	11
497	1515	female	general	young_teen	0	24
7	2165	male	vocational	young_teen	0	4
153	120	female	vocational	young_teen	0	40
8	46	male	vocational	young_teen	0	0
9	2159	male	technical	young_teen	6	6
10662	1177	female	general	young_teen	862	2586
99	1651	male	general	young_teen	0	22
102	1963	female	general	young_teen	0	8
218	2150	female	vocational	young_teen	7	54
959	website 349	male	technical	young_teen	12	233
202	1920	male	general	young_teen	0	33
55	1191	female	general	young_teen	0	15
53	1866	male	vocational	young_teen	1	8
864	218	female	vocational	young_teen	71	192
212	1666	male	general	young_teen	3	38
860	website 438	male	general	young_teen	0	193
55	1676	female	general	young_teen	5	12
2796	website 501	male	technical	young_teen	74	664
1830	734	female	general	young_teen	142	225
418	1675	female	general	young_teen	58	70
1381	1260	female	general	young_teen	9	107
98	website 273	male	technical	young_teen	0	13
176	724	female	technical	young_teen	21	18
17	1863	male	vocational	young_teen	0	1
156	website 289	female	technical	young_teen	1	26
73	665	male	technical	young_teen	1	13
8511	website 662	male	vocational	young_teen	190	1109
67	467	male	general	young_teen	0	13
2681	website 245	female	technical	young_teen	166	492
175	1961	male	general	young_teen	5	17
97	website 660	male	vocational	young_teen	3	32
69	175	male	vocational	young_teen	0	16
836	26	male	general	young_teen	3	148
50	website 374	male	general	young_teen	1	3
14731	627	female	general	young_teen	1018	2419
24	1922	male	general	young_teen	0	5
4	746	male	technical	young_teen	0	3
24	1174	male	general	young_teen	2	3
784	1252	female	technical	young_teen	16	147
55	41	female	general	young_teen	0	8
5	72	male	vocational	young_teen	0	0
504	453	female	general	young_teen	3	114
274	7	female	general	young_teen	9	79
86	106	female	vocational	young_teen	9	16
388	2192	male	vocational	young_teen	10	56
66	1893	male	general	young_teen	0	4
1886	website 618	male	vocational	young_teen	109	351
35	2142	male	vocational	young_teen	1	11
25	317	female	general	young_teen	3	2
566	1300	female	general	young_teen	35	89
5604	314	female	general	young_teen	41	783
683	409	male	general	young_teen	4	146
56	315	female	general	young_teen	4	10
11	website 518	male	vocational	young_teen	0	1
188	website 375	female	general	young_teen	26	51
1911	311	female	general	young_teen	12	277
11	1050	female	general	young_teen	1	2
52	485	female	technical	young_teen	0	15
1218	website 435	female	general	young_teen	2563	168
14	1053	female	general	young_teen	4	3
358	website 402	female	general	young_teen	441	61
8	322	female	general	young_teen	0	5
861	91	female	technical	young_teen	138	124
152	website 552	male	vocational	young_teen	2	28
843	website 672	female	vocational	young_teen	6	145
530	338	male	general	young_teen	5	80
2092	534	male	technical	young_teen	20	465
16	321	female	general	young_teen	0	1
1527	website 270	male	technical	young_teen	7	327
59	1665	male	general	young_teen	1	24
15	696	female	vocational	young_teen	0	5
35	396	female	general	young_teen	1	7
13576	website 642	male	vocational	young_teen	3545	1073
81	210	male	vocational	young_teen	0	17
73	1625	male	general	young_teen	1	12
111	38	female	general	young_teen	2	20
630	386	male	vocational	young_teen	2	168
28	1025	female	general	young_teen	2	6
386	website 561	female	vocational	young_teen	89	77
4	website 287	female	technical	young_teen	0	0
1187	website 619	female	vocational	young_teen	146	230
28	website 369	female	general	young_teen	0	10
115	1599	male	general	young_teen	0	32
91	1627	male	general	young_teen	8	22
1957	1943	male	vocational	young_teen	27	413
2464	350	male	general	young_teen	4	382
236	561	male	technical	young_teen	73	47
156	1345	female	general	young_teen	1	47
275	1193	female	general	young_teen	1	63
76	144	male	vocational	young_teen	5	23
233	574	female	technical	young_teen	0	30
75	1973	female	vocational	young_teen	1	24
36	2138	female	vocational	young_teen	14	5
199	website 87	female	general	young_teen	14	41
428	903	female	general	young_teen	34	26
110	1681	female	general	young_teen	16	20
973	1916	male	technical	young_teen	1	71
207	535	female	vocational	young_teen	0	31
144	website 216	male	technical	young_teen	0	21
334	website 499	male	technical	young_teen	1	58
42	2116	male	general	young_teen	5	7
150	1660	male	general	young_teen	2	37
341	214	male	technical	young_teen	0	85
5154	website 612	male	vocational	young_teen	151	1019
1945	2212	female	technical	young_teen	700	501
44	website 44	female	general	young_teen	6	7
7380	310	female	general	young_teen	80	537
386	1377	male	general	young_teen	0	87
1660	website 634	female	vocational	young_teen	225	125
470	website 387	female	general	young_teen	1	89
153	701	male	technical	young_teen	10	24
10754	website 568	female	vocational	young_teen	991	1724
1433	736	female	technical	young_teen	373	206
58	167	male	vocational	young_teen	0	12
6	1304	female	general	young_teen	0	1
1108	2172	female	technical	young_teen	31	212
90	website 28	female	general	young_teen	0	3
137	2239	male	vocational	young_teen	27	23
192	246	female	general	young_teen	7	31
757	536	female	technical	young_teen	1	89
413	1366	male	general	young_teen	1	93
7044	website 665	male	vocational	young_teen	788	1809
433	520	female	technical	young_teen	1	74
1725	website 34	male	general	young_teen	18	282
120	1392	female	general	young_teen	0	23
2788	website 416	female	technical	young_teen	74	501
104	372	female	technical	young_teen	4	13
1603	1010	male	general	young_teen	78	261
22	1104	female	vocational	young_teen	0	2
1727	1396	female	general	young_teen	591	412
11326	website 58	female	general	young_teen	1278	1399
352	1492	male	technical	young_teen	3	51
6414	website 437	female	general	young_teen	365	557
294	1494	male	technical	young_teen	0	40
698	654	female	vocational	young_teen	68	171
7	2079	male	vocational	young_teen	1	1
191	website 368	female	general	young_teen	1	38
8	website 372	female	general	young_teen	0	0
959	1305	female	general	young_teen	41	74
55	website 265	male	vocational	young_teen	0	7
13	2217	male	vocational	young_teen	0	3
256	1226	male	general	young_teen	23	49
271	1035	female	general	young_teen	61	29
9105	1394	female	general	young_teen	3298	1835
124	website 553	male	vocational	young_teen	0	28
185	1044	female	general	young_teen	10	40
12676	website 252	female	technical	young_teen	1460	2259
74	1865	female	vocational	young_teen	2	1
132	169	male	vocational	young_teen	5	28
3492	website 267	female	technical	young_teen	62	572
1191	265	female	general	young_teen	19	147
9081	1299	male	technical	young_teen	936	1668
77	659	male	general	young_teen	0	6
249	42	male	general	young_teen	1	42
5802	website 119	male	general	young_teen	60	428
11004	336	female	general	young_teen	24	1376
11440	website 301	female	technical	young_teen	392	2672
3820	429	female	general	young_teen	1608	579
468	36	male	general	young_teen	14	107
211	2171	female	technical	young_teen	7	20
4373	739	male	vocational	young_teen	3669	832
592	1194	female	general	young_teen	2	169
215	685	male	technical	young_teen	3	55
40	2180	male	general	young_teen	0	3
249	1593	female	general	young_teen	9	44
37	146	female	vocational	young_teen	7	6
10	12	female	general	young_teen	2	0
11	1650	male	general	young_teen	1	4
1089	236	male	general	young_teen	4	242
544	website 350	male	technical	young_teen	9	119
4249	342	female	general	young_teen	326	561
2221	website 615	female	vocational	young_teen	4	338
6270	website 677	male	vocational	young_teen	141	1389
10	745	male	general	young_teen	0	0
21	1383	female	general	young_teen	0	8
416	website 51	female	general	young_teen	0	22
132	2131	female	general	young_teen	3	18
1446	769	female	vocational	young_teen	166	191
1544	website 50	male	general	young_teen	6	237
2003	1034	female	general	young_teen	4662	280
4	2140	male	general	young_teen	0	0
1133	1946	female	vocational	young_teen	4	214
1144	398	male	general	young_teen	39	153
1310	23	female	general	young_teen	83	256
22	1401	female	vocational	young_teen	8	2
18	320	female	technical	young_teen	4	4
63	1658	male	general	young_teen	3	11
204	1600	male	general	young_teen	0	33
45	1348	male	general	young_teen	0	9
33	2139	male	technical	young_teen	1	8
1658	website 516	female	vocational	young_teen	241	339
43	694	female	vocational	young_teen	1	8
4071	716	female	vocational	young_teen	1240	990
1342	286	female	general	young_teen	2	280
1264	website 253	male	technical	young_teen	86	286
13	2141	female	general	young_teen	0	5
11	2167	male	vocational	young_teen	0	2
131	1631	female	general	young_teen	5	15
70	2111	male	vocational	young_teen	4	14
1671	24	female	technical	young_teen	17	390
50	360	female	technical	young_teen	0	12
14	2157	male	technical	young_teen	0	4
100	500	female	technical	young_teen	4	19
71	132	male	vocational	young_teen	0	10
428	1066	female	technical	young_teen	2	43
85	website 641	male	vocational	young_teen	0	11
208	website 566	female	vocational	young_teen	5	46
1723	515	female	technical	young_teen	5	339
147	website 295	female	technical	young_teen	1	18
220	97	female	vocational	young_teen	20	35
66	2132	female	general	young_teen	0	7
328	1585	male	general	young_teen	41	51
3570	569	female	technical	young_teen	2	550
645	1514	female	general	young_teen	3	24
2946	website 510	male	technical	young_teen	295	408
415	118	female	vocational	young_teen	1	39
4788	website 352	male	technical	young_teen	5	940
1830	549	female	technical	older_teen	5	392
655	1503	male	vocational	older_teen	20	166
218	website 461	female	technical	older_teen	0	40
52	2113	female	vocational	older_teen	0	12
2267	1327	male	general	older_teen	37	333
126	2066	female	technical	older_teen	19	10
277	website 597	male	vocational	older_teen	0	62
2921	website 284	female	technical	older_teen	16	408
151	1905	female	technical	older_teen	1	27
678	1301	male	technical	older_teen	3	43
210	2206	male	vocational	older_teen	15	20
974	website 414	female	technical	older_teen	10	176
207	913	male	technical	older_teen	13	40
10	1227	female	technical	older_teen	0	1
750	website 151	female	general	older_teen	7	118
56	667	female	technical	older_teen	9	12
96	619	female	technical	older_teen	1	18
206	website 186	female	general	older_teen	0	10
284	website 67	male	general	older_teen	0	36
60	1237	male	technical	older_teen	0	9
1380	website 675	male	general	older_teen	68	189
70	1959	female	vocational	older_teen	0	10
4635	325	male	general	older_teen	71	729
572	451	male	technical	older_teen	9	110
1119	1608	male	general	older_teen	1	134
106	1954	male	vocational	older_teen	0	32
1646	website 8	male	general	older_teen	8	314
2251	1323	male	general	older_teen	29	242
2684	website 447	female	vocational	older_teen	451	182
29	1221	female	technical	older_teen	0	6
7	446	female	vocational	older_teen	0	3
836	905	female	general	older_teen	7	35
423	399	male	general	older_teen	41	101
2234	1484	female	general	older_teen	154	379
393	1232	female	general	older_teen	3	61
294	1718	male	vocational	older_teen	0	54
1011	website 643	male	vocational	older_teen	16	139
29	1228	male	general	older_teen	0	5
514	411	female	general	older_teen	0	95
1	1093	male	vocational	older_teen	0	1
484	552	female	technical	older_teen	0	67
8038	341	female	technical	older_teen	392	1740
30	website 177	female	vocational	older_teen	1	10
2901	website 449	female	vocational	older_teen	376	231
158	1610	female	general	older_teen	1	10
3266	443	male	technical	older_teen	15	527
58	417	male	vocational	older_teen	0	7
25	475	male	general	older_teen	2	2
716	2193	male	technical	older_teen	20	150
152	512	female	vocational	older_teen	12	5
2368	website 248	female	technical	older_teen	21	382
532	634	female	general	older_teen	1	37
117	1248	male	general	older_teen	1	27
91	80	female	vocational	older_teen	0	18
1422	577	female	technical	older_teen	11	201
339	website 84	female	general	older_teen	0	68
586	2207	female	technical	older_teen	7	84
3	544	female	technical	older_teen	0	0
31	1618	male	general	older_teen	0	1
2183	website 644	female	vocational	older_teen	371	354
63	1974	male	vocational	older_teen	0	24
3234	2317	male	vocational	older_teen	66	524
196	website 85	female	general	older_teen	0	26
169	576	female	technical	older_teen	0	20
2805	570	male	technical	older_teen	16	653
186	1634	male	general	older_teen	8	58
275	1586	male	general	older_teen	22	76
5469	website 567	female	vocational	older_teen	538	603
131	466	male	general	older_teen	0	11
6035	511	female	general	older_teen	178	1063
146	550	female	technical	older_teen	2	24
526	website 259	male	vocational	older_teen	7	67
293	498	male	general	older_teen	0	53
191	1321	female	general	older_teen	0	16
393	website 35	female	general	older_teen	6	7
889	website 152	male	general	older_teen	3	154
237	34	female	general	older_teen	5	35
36	203	female	general	older_teen	0	12
231	1607	male	general	older_teen	2	44
353	1590	male	general	older_teen	24	52
386	2202	male	technical	older_teen	26	89
305	656	male	vocational	older_teen	27	53
168	website 180	female	technical	older_teen	1	25
1662	1334	female	general	older_teen	51	166
5834	768	female	vocational	older_teen	795	747
3523	website 669	female	vocational	older_teen	153	641
31	275	female	technical	older_teen	1	3
335	website 355	male	technical	older_teen	14	93
1548	1123	female	general	older_teen	5	225
152	website 490	male	technical	older_teen	2	24
167	website 692	male	vocational	older_teen	10	24
99	1629	female	general	older_teen	7	20
21	525	female	technical	older_teen	0	8
1794	2169	male	general	older_teen	110	373
305	website 32	male	general	older_teen	0	64
64	2121	female	vocational	older_teen	0	10
372	351	male	general	older_teen	0	71
464	225	male	technical	older_teen	15	82
1089	712	male	vocational	older_teen	226	277
701	website 595	male	vocational	older_teen	1	179
403	website 637	male	general	older_teen	11	63
5458	480	female	technical	older_teen	4	905
573	407	male	general	older_teen	6	124
2287	website 240	female	technical	older_teen	23	129
489	1716	male	vocational	older_teen	2	126
205	1621	male	general	older_teen	7	43
322	1487	male	general	older_teen	0	54
5	329	female	general	older_teen	0	2
307	1525	male	general	older_teen	3	33
89	website 262	female	vocational	older_teen	7	12
73	1223	male	general	older_teen	0	20
264	2254	male	vocational	older_teen	3	37
264	website 495	male	technical	older_teen	1	121
874	website 496	male	technical	older_teen	2	54
64	418	female	vocational	older_teen	0	5
4199	557	male	technical	older_teen	104	732
193	526	male	technical	older_teen	0	37
33	2128	male	vocational	older_teen	3	3
18240	625	female	general	older_teen	691	1476
25	2083	male	vocational	older_teen	0	3
272	1337	male	general	older_teen	10	51
204	556	female	general	older_teen	0	37
286	778	female	technical	older_teen	0	6
77	1238	female	general	older_teen	0	14
655	224	male	technical	older_teen	20	166
24141	629	female	general	older_teen	1536	3009
164	1243	female	technical	older_teen	0	23
34	573	female	technical	older_teen	0	8
684	1122	female	technical	older_teen	3	69
5152	website 209	female	technical	older_teen	35	803
227	614	female	general	older_teen	0	23
3918	website 221	male	technical	older_teen	15	593
38	201	female	general	older_teen	0	12
133	1915	male	general	older_teen	0	19
516	website 426	female	vocational	older_teen	6	69
3720	website 507	male	technical	older_teen	274	1067
97	538	male	technical	older_teen	0	10
119	541	male	technical	older_teen	12	36
794	491	female	general	older_teen	7	122
4586	1280	female	general	older_teen	121	872
1128	1553	male	technical	older_teen	39	64
40	378	female	technical	older_teen	0	8
70	website 346	male	technical	older_teen	0	16
3103	805	male	technical	older_teen	206	731
3618	623	female	general	older_teen	37	395
43	513	female	vocational	older_teen	0	6
675	1715	male	vocational	older_teen	2	184
32	289	female	general	older_teen	0	4
3745	website 298	female	technical	older_teen	17	841
1106	285	female	general	older_teen	2	104
280	2067	male	technical	older_teen	18	64
1323	website 171	female	technical	older_teen	3	332
467	1504	male	vocational	older_teen	15	82
5579	288	male	general	older_teen	14	517
39	632	female	general	older_teen	5	1
730	1140	female	technical	older_teen	1	128
5324	2095	female	technical	older_teen	59	861
827	904	male	technical	older_teen	5	107
1107	website 489	male	technical	older_teen	13	239
7555	624	female	general	older_teen	98	974
140	1982	female	vocational	older_teen	34	18
54	204	female	general	older_teen	0	7
302	455	female	vocational	older_teen	0	42
665	website 494	male	technical	older_teen	13	179
32	86	male	vocational	older_teen	0	3
6	283	male	general	older_teen	0	1
248	1234	female	vocational	older_teen	3	51
106	648	male	general	older_teen	0	21
283	1977	male	vocational	older_teen	0	6
3791	website 215	male	technical	older_teen	105	862
53	484	female	technical	older_teen	0	11
2639	website 564	male	vocational	older_teen	129	324
11996	324	female	technical	older_teen	6595	1993
19	353	female	general	older_teen	0	1
170	610	female	technical	older_teen	0	21
267	578	male	general	older_teen	33	51
319	911	female	general	older_teen	14	21
12	2163	male	technical	older_teen	4	5
3274	438	male	general	older_teen	61	496
267	1139	female	technical	older_teen	0	37
254	1589	male	general	older_teen	14	46
2178	2209	male	vocational	older_teen	422	503
1180	593	male	general	older_teen	5	311
410	109	female	vocational	older_teen	35	81
429	356	male	technical	older_teen	9	82
13	1645	male	general	older_teen	1	2
150	555	male	general	older_teen	4	24
497	906	male	general	older_teen	94	56
458	456	female	general	older_teen	25	29
3271	website 491	male	technical	older_teen	48	524
278	website 486	male	technical	older_teen	5	66
6335	628	female	general	older_teen	202	554
146	1918	male	technical	older_teen	0	16
171	1198	male	technical	older_teen	4	31
278	1489	female	general	older_teen	5	70
3569	website 601	female	vocational	older_teen	377	387
1681	640	female	general	older_teen	22	308
154	website 423	female	vocational	older_teen	9	39
1774	592	male	technical	older_teen	5	143
4633	website 498	male	technical	older_teen	34	1003
378	2124	female	vocational	older_teen	5	70
28	156	male	vocational	older_teen	0	5
26	112	female	vocational	older_teen	0	7
637	1714	male	vocational	older_teen	6	157
4265	website 210	female	technical	older_teen	184	771
714	492	male	general	older_teen	13	109
520	503	female	technical	older_teen	24	99
31	1230	female	general	older_teen	0	1
165	1617	male	general	older_teen	2	8
342	1636	female	general	older_teen	17	78
707	1313	male	technical	older_teen	9	166
4806	476	female	general	older_teen	4	820
774	website 691	female	vocational	older_teen	3	82
1128	1121	female	general	older_teen	12	226
4	460	female	technical	older_teen	0	2
1627	241	female	vocational	older_teen	33	122
7295	website 279	female	technical	older_teen	118	716
59	1611	male	general	older_teen	0	3
581	website 667	female	vocational	older_teen	1	109
3593	559	male	general	older_teen	51	581
4	657	male	technical	older_teen	0	0
66	719	female	general	older_teen	0	13
2	1085	female	vocational	older_teen	0	0
9	website 272	male	technical	older_teen	0	1
27	148	female	vocational	older_teen	3	3
15766	website 497	female	technical	older_teen	475	2986
393	691	female	technical	older_teen	2	58
620	website 594	female	vocational	older_teen	18	115
18708	website 211	female	technical	older_teen	383	634
2073	website 53	female	general	older_teen	35	192
151	415	female	general	older_teen	12	1
102	273	female	technical	older_teen	1	28
737	website 43	female	general	older_teen	0	58
1149	website 190	male	general	older_teen	9	52
3290	website 502	male	technical	older_teen	130	367
825	website 73	male	general	older_teen	3	96
202	1719	male	vocational	older_teen	0	65
6728	website 282	female	technical	older_teen	193	1242
74	2224	male	general	older_teen	2	2
64	1279	female	general	older_teen	3	4
481	195	female	general	older_teen	0	25
30	660	male	technical	older_teen	2	7
154	website 260	male	vocational	older_teen	4	35
1848	433	female	general	older_teen	61	102
5181	589	male	general	older_teen	34	1394
797	2057	male	general	older_teen	10	196
1003	494	male	general	older_teen	4	135
3514	website 454	female	vocational	older_teen	217	670
426	1171	female	technical	older_teen	6	41
235	1092	male	vocational	older_teen	22	38
259	546	female	technical	older_teen	0	85
452	website 208	female	technical	older_teen	7	29
280	1488	male	general	older_teen	1	71
3135	1316	female	general	older_teen	25	586
1694	website 413	female	technical	older_teen	56	300
153	1240	male	general	older_teen	0	34
66045	563	female	technical	older_teen	450	13414
857	1508	male	general	older_teen	0	64
1285	548	male	technical	older_teen	9	307
150	1917	male	general	older_teen	0	23
7059	767	female	vocational	older_teen	649	1311
647	website 187	male	general	older_teen	2	162
124	504	female	technical	older_teen	2	23
27	website 161	female	technical	older_teen	0	1
518	website 500	male	technical	older_teen	2	62
8	website 278	female	technical	older_teen	0	1
102	703	male	vocational	older_teen	0	19
103	709	female	vocational	older_teen	7	22
563	496	male	technical	older_teen	0	91
46	website 547	male	vocational	older_teen	0	17
5613	website 212	female	technical	older_teen	195	838
14	206	female	general	older_teen	0	0
14843	website 683	female	vocational	older_teen	2700	3194
8	177	male	vocational	older_teen	0	4
668	1615	male	general	older_teen	44	35
2009	website 678	female	vocational	older_teen	107	433
544	497	male	technical	older_teen	7	61
26080	1275	male	general	older_teen	278	3824
179	2058	male	vocational	older_teen	1	25
1004	442	female	vocational	older_teen	38	248
444	2223	male	vocational	older_teen	9	65
4456	website 508	male	technical	older_teen	104	727
1782	1490	male	general	older_teen	1	335
5	1222	female	technical	older_teen	0	0
194	1343	female	general	older_teen	3	20
7043	571	female	technical	older_teen	58	1434
1	2082	male	technical	older_teen	0	1
552	1542	female	technical	older_teen	61	31
6212	621	female	general	older_teen	228	888
384	1623	male	general	older_teen	17	65
1221	website 197	male	general	older_teen	7	320
1049	website 456	female	vocational	older_teen	165	132
4353	website 509	male	technical	older_teen	147	801
257	website 409	male	general	older_teen	1	39
863	521	female	technical	older_teen	3	150
152	478	female	general	older_teen	0	24
1592	532	female	technical	older_teen	1	314
75	312	male	general	older_teen	0	16
100	1512	male	general	older_teen	7	20
11175	website 347	female	technical	older_teen	28	1700
2655	1189	female	technical	older_teen	2	334
43	1082	female	vocational	older_teen	0	8
1570	website 451	female	vocational	older_teen	68	184
2273	website 356	male	technical	older_teen	154	592
4352	website 281	male	technical	older_teen	17	1131
1227	461	female	technical	older_teen	18	59
3114	1950	female	vocational	older_teen	137	858
6	64	female	vocational	older_teen	0	2
105	430	female	general	older_teen	7	7
3058	website 503	male	technical	older_teen	47	619
14	368	female	technical	older_teen	0	6
22	1089	female	vocational	older_teen	0	10
1136	website 448	female	vocational	older_teen	67	81
590	website 88	female	general	older_teen	0	95
816	1637	male	vocational	older_teen	4	79
4847	website 288	female	technical	older_teen	46	1172
366	1628	male	general	older_teen	13	70
25430	website 254	female	technical	older_teen	568	3768
65	522	male	technical	older_teen	2	16
590	459	female	general	older_teen	4	69
633	422	female	technical	older_teen	0	67
317	898	male	technical	older_teen	1	70
161	2105	male	technical	older_teen	2	22
8	361	female	technical	older_teen	0	3
1542	1638	male	vocational	older_teen	84	126
302	1532	female	technical	older_teen	55	20
32	483	male	technical	older_teen	0	5
770	1895	female	general	older_teen	7	92
358	1639	male	vocational	older_teen	9	44
137	2096	male	vocational	older_teen	22	26
45	495	female	general	older_teen	0	3
27	182	male	technical	older_teen	0	8
1537	733	male	general	older_teen	485	283
785	website 506	male	technical	older_teen	20	68
458	1969	female	vocational	older_teen	7	96
208	website 353	male	technical	older_teen	0	48
203	1720	male	vocational	older_teen	0	66
13643	website 450	female	vocational	older_teen	4362	1819
240	1968	male	vocational	older_teen	0	42
1186	website 227	female	technical	older_teen	56	151
134	309	male	general	older_teen	0	11
1560	1138	female	technical	older_teen	22	125
4	2078	male	vocational	older_teen	0	1
261	2059	male	technical	older_teen	0	81
24	1081	male	vocational	older_teen	0	1
990	900	female	general	older_teen	58	156
313	445	female	technical	older_teen	6	49
65	1980	male	vocational	older_teen	0	12
7637	1312	female	general	older_teen	45	880
390	website 280	female	technical	older_teen	21	86
84	1953	male	vocational	older_teen	0	15
23	2238	male	vocational	older_teen	0	7
2936	website 220	female	technical	older_teen	22	375
236	website 26	female	general	older_teen	0	24
825	website 200	male	general	older_teen	3	140
1391	528	male	technical	older_teen	78	242
294	1643	male	general	older_teen	12	47
302	1965	female	vocational	older_teen	4	43
2913	website 291	male	technical	older_teen	20	584
221	website 192	male	general	older_teen	4	32
1213	533	female	technical	older_teen	0	288
49	723	female	technical	older_teen	1	7
26	1970	male	vocational	older_teen	0	4
2483	404	female	technical	older_teen	4	405
356	website 565	female	technical	older_teen	0	27
2694	1294	female	technical	older_teen	15	383
113	501	female	technical	older_teen	10	13
3754	1276	female	general	older_teen	8	768
61	1616	male	general	older_teen	2	4
2066	899	male	vocational	older_teen	57	357
11738	655	male	technical	older_teen	354	2188
147	554	female	general	older_teen	0	29
1371	1947	male	vocational	older_teen	31	128
523	1325	male	general	older_teen	3	67
207	1592	female	general	older_teen	11	28
14	1225	male	vocational	older_teen	0	1
824	website 302	male	technical	older_teen	3	194
39	1250	male	technical	older_teen	0	4
1646	website 304	female	technical	older_teen	19	206
223	website 485	male	technical	older_teen	2	57
3076	2222	female	vocational	older_teen	6	428
23438	website 600	male	vocational	older_teen	96	5361
15	293	female	technical	older_teen	0	2
875	1646	male	general	older_teen	13	131
1591	1960	male	vocational	older_teen	13	454
67	website 20	male	technical	older_teen	7	15
1247	website 674	female	vocational	older_teen	10	134
1987	website 526	female	vocational	older_teen	191	277
3835	530	female	technical	older_teen	35	711
4	207	female	general	older_teen	0	2
70	website 90	female	general	older_teen	2	5
2252	website 492	male	technical	older_teen	55	576
139	1320	male	general	older_teen	0	4
1294	486	female	technical	older_teen	35	174
860	406	male	general	older_teen	0	219
21	1236	male	general	older_teen	0	3
78	1906	female	technical	older_teen	0	23
5594	626	female	general	older_teen	37	648
3779	website 693	male	vocational	older_teen	76	616
121	1981	female	vocational	older_teen	1	37
300	575	female	technical	older_teen	10	72
1801	website 488	male	technical	older_teen	37	414
138	website 196	male	general	older_teen	0	29
12	490	male	technical	older_teen	0	3
237	website 89	male	general	older_teen	6	21
5790	website 217	male	technical	older_teen	118	1096
10	82	male	vocational	older_teen	0	2
524	website 231	female	technical	older_teen	8	50
4167	428	male	technical	older_teen	167	1057
566	website 694	male	vocational	older_teen	15	79
631	website 551	male	vocational	older_teen	130	75
1240	website 685	male	vocational	older_teen	63	181
17123	1259	female	general	older_teen	125	1840
13	1290	female	general	older_teen	1	0
802	637	female	technical	older_teen	0	75
2234	529	female	technical	older_teen	133	422
130	468	male	technical	older_teen	0	47
3185	website 504	male	technical	older_teen	679	526
1600	1333	male	general	older_teen	8	349
263	website 29	male	general	older_teen	0	59
1189	website 425	female	vocational	older_teen	89	311
22	1229	male	technical	older_teen	0	5
5	584	female	general	older_teen	0	1
522	2093	female	vocational	older_teen	7	111
1676	572	female	technical	older_teen	1	276
53	585	male	technical	older_teen	1	10
25	510	male	vocational	older_teen	0	8
717	website 345	female	technical	older_teen	19	123
2603	1125	female	vocational	older_teen	14	483
179	235	male	technical	older_teen	2	34
555	1505	male	vocational	older_teen	25	108
1570	1642	male	general	older_teen	18	218
595	website 427	female	vocational	older_teen	21	170
838	2170	male	general	older_teen	3	176
56	200	female	general	older_teen	0	7
920	1510	female	general	older_teen	12	206
95	519	female	technical	older_teen	1	19
199	641	female	technical	older_teen	8	20
148	2060	male	technical	older_teen	5	39
592	1640	male	vocational	older_teen	37	24
34	website 264	female	vocational	older_teen	1	11
202	1614	male	general	older_teen	1	23
523	2088	female	vocational	older_teen	32	118
215	376	female	general	older_teen	0	50
2487	631	female	general	older_teen	104	462
1525	328	female	general	older_teen	128	119
8006	website 297	female	technical	older_teen	132	1788
3907	website 296	male	technical	older_teen	149	1032
7075	website 207	female	technical	older_teen	72	1045
1243	website 432	male	general	older_teen	76	195
6010	website 290	male	technical	older_teen	229	1608
5809	website 294	female	technical	older_teen	115	882
4	661	male	vocational	older_teen	0	0
600	551	male	technical	older_teen	10	142
91	1659	male	general	older_teen	5	18
20	87	male	vocational	older_teen	0	6
103	website 102	female	general	older_teen	2	5
220	1644	male	general	older_teen	14	29
2	2154	male	general	older_teen	0	1
23550	website 233	male	technical	older_teen	797	4497
53	613	female	general	older_teen	2	3
256	website 182	male	general	older_teen	0	48
224	2220	female	technical	older_teen	0	32
5129	website 636	male	vocational	older_teen	155	1385
301	1619	male	general	older_teen	21	39
7	2155	male	technical	older_teen	1	2
1693	2129	female	vocational	older_teen	196	222
2060	618	male	technical	older_teen	3	253
446	258	male	technical	older_teen	10	63
880	228	male	technical	older_teen	17	41
1002	527	male	technical	older_teen	12	166
259	670	male	general	older_teen	11	76
755	229	male	general	older_teen	25	40
2031	website 292	female	technical	older_teen	17	318
4275	1277	female	general	older_teen	38	677
56	189	female	technical	older_teen	1	12
83	1919	male	general	older_teen	0	6
1552	website 293	male	technical	older_teen	23	263
87	1247	male	technical	older_teen	0	15
833	537	male	technical	older_teen	1	221
246	462	female	technical	older_teen	6	30
3643	1118	female	general	older_teen	16	569
75	122	female	technical	older_teen	0	4
66	732	male	technical	older_teen	5	5
352	website 82	female	general	older_teen	3	112
40	1680	female	general	older_teen	4	4
429	website 5	female	general	older_teen	3	54
306	website 687	female	vocational	older_teen	10	41
2	658	male	vocational	older_teen	0	0
2528	505	female	technical	older_teen	366	451
511	1511	female	general	older_teen	16	50
112	1632	female	general	older_teen	0	23
278	website 191	female	general	older_teen	4	42
21314	website 511	male	technical	older_teen	544	4870
116	website 99	female	general	older_teen	1	0
10483	website 213	female	technical	older_teen	153	611
189	650	male	technical	older_teen	0	42
2497	website 299	female	technical	older_teen	33	362
52	1344	female	general	older_teen	0	8
1162	523	female	technical	older_teen	0	271
373	1584	female	general	older_teen	24	74
73	1966	female	vocational	older_teen	0	5
75	416	male	technical	older_teen	0	15
642	287	female	general	older_teen	1	83
352	1524	male	general	older_teen	1	45
5028	website 493	male	technical	older_teen	231	607
2	313	male	general	older_teen	0	1
61	543	female	technical	older_teen	0	12
1215	355	female	technical	older_teen	27	222
233	198	female	general	older_teen	1	28
94	website 412	female	technical	older_teen	0	17
181	531	female	technical	older_teen	0	39
16	website 422	male	vocational	older_teen	2	1
56	website 603	male	vocational	older_teen	0	10
168	199	female	general	older_teen	0	17
38	205	female	general	older_teen	0	5
7028	1119	female	technical	older_teen	35	1219
759	493	male	general	older_teen	10	62
522	194	male	vocational	older_teen	0	149
291	1717	male	vocational	older_teen	0	43
38	420	male	general	older_teen	0	6
1048	website 501	male	technical	older_teen	22	162
31	377	female	technical	older_teen	0	9
843	2195	male	technical	older_teen	31	170
8919	334	male	general	older_teen	162	1257
2699	1485	male	general	older_teen	65	561
692	website 289	female	technical	older_teen	3	129
61	467	male	general	older_teen	1	15
4575	website 245	female	technical	older_teen	32	718
1424	1961	male	general	older_teen	38	197
1604	website 660	male	vocational	older_teen	151	191
12	1239	male	vocational	older_teen	0	6
16474	627	female	general	older_teen	958	2368
176	662	male	technical	older_teen	4	34
66	website 367	female	general	older_teen	0	8
1348	410	male	general	older_teen	3	210
52	453	female	general	older_teen	1	9
411	1893	male	general	older_teen	2	76
1252	271	male	general	older_teen	0	228
3321	1300	female	general	older_teen	151	638
25	315	female	general	older_teen	4	1
3393	311	female	general	older_teen	45	333
42	485	female	technical	older_teen	2	4
42	469	male	general	older_teen	0	6
218	408	male	technical	older_teen	0	40
1630	1124	female	general	older_teen	3	315
1353	website 651	male	vocational	older_teen	148	215
2	website 47	male	general	older_teen	0	0
44	1979	male	vocational	older_teen	0	9
291	489	male	general	older_teen	4	69
517	1625	male	general	older_teen	3	98
4490	website 285	male	technical	older_teen	24	539
176	2316	male	vocational	older_teen	4	38
253	website 92	female	general	older_teen	6	45
1910	website 199	male	general	older_teen	2	321
19	website 557	male	vocational	older_teen	1	3
6	202	female	general	older_teen	0	1
1584	1951	male	vocational	older_teen	34	523
4505	website 287	female	technical	older_teen	100	641
896	1486	female	general	older_teen	0	174
51	330	female	general	older_teen	0	3
1226	website 415	female	technical	older_teen	12	176
93	1633	female	general	older_teen	0	18
2629	1109	female	vocational	older_teen	330	189
1099	350	male	general	older_teen	2	164
1105	574	female	technical	older_teen	2	147
54	1587	male	general	older_teen	10	11
611	2201	male	general	older_teen	12	147
22	website 484	male	technical	older_teen	1	4
473	website 87	female	general	older_teen	14	77
134	514	female	general	older_teen	6	5
817	website 686	male	vocational	older_teen	3	70
1501	1282	female	general	older_teen	9	207
7	786	male	general	older_teen	1	3
529	1916	male	technical	older_teen	0	44
219	website 21	female	technical	older_teen	1	52
114	710	female	technical	older_teen	8	32
2366	1326	male	general	older_teen	16	411
2088	website 216	male	technical	older_teen	627	307
99	website 499	male	technical	older_teen	0	24
57	270	male	general	older_teen	2	1
276	403	female	general	older_teen	2	36
11663	630	male	technical	older_teen	171	1500
80	124	male	vocational	older_teen	6	20
1010	website 251	female	technical	older_teen	31	129
51	website 44	female	general	older_teen	0	9
1658	310	female	general	older_teen	25	86
45	2158	male	technical	older_teen	1	5
46	864	female	general	older_teen	24	4
9	701	male	technical	older_teen	1	2
2547	736	female	technical	older_teen	632	301
1277	1304	female	general	older_teen	18	61
713	726	female	general	older_teen	143	15
303	1635	female	general	older_teen	18	70
246	1661	male	general	older_teen	5	59
226	1967	male	vocational	older_teen	11	42
4878	1315	female	general	older_teen	27	759
21	174	male	vocational	older_teen	0	7
194	website 28	female	general	older_teen	1	21
2282	345	male	general	older_teen	7	314
511	website 598	male	vocational	older_teen	1	87
43	1132	male	technical	older_teen	0	14
3087	website 34	male	general	older_teen	4	544
1520	website 416	female	technical	older_teen	11	263
8	372	female	technical	older_teen	0	0
2217	website 671	female	vocational	older_teen	123	147
112	636	female	general	older_teen	2	11
140	421	male	technical	older_teen	7	7
39	580	female	technical	older_teen	0	10
1014	1956	female	technical	older_teen	3	155
693	1955	female	vocational	older_teen	29	137
28	2125	female	vocational	older_teen	2	5
3338	website 446	female	vocational	older_teen	175	392
525	2205	male	technical	older_teen	15	143
156	2079	male	vocational	older_teen	4	35
188	440	female	general	older_teen	10	31
1508	562	male	general	older_teen	20	259
536	488	female	technical	older_teen	3	84
73	website 452	female	vocational	older_teen	5	6
14	1652	male	general	older_teen	0	2
4352	1305	female	general	older_teen	67	431
26	664	male	vocational	older_teen	0	8
119	2080	male	vocational	older_teen	0	24
60	419	male	technical	older_teen	1	9
174	website 265	male	vocational	older_teen	1	37
64	1226	male	general	older_teen	1	13
86	website 549	male	vocational	older_teen	0	19
2708	502	female	technical	older_teen	220	493
19663	742	male	vocational	older_teen	1361	2721
9581	website 252	female	technical	older_teen	129	1356
16	151	male	general	older_teen	0	6
1603	1314	male	technical	older_teen	9	198
13279	1299	male	technical	older_teen	1108	1700
2395	website 119	male	general	older_teen	2	234
59	1668	male	general	older_teen	0	16
120	434	male	technical	older_teen	0	12
2308	2225	female	technical	older_teen	253	353
994	website 301	female	technical	older_teen	11	181
10165	429	female	general	older_teen	181	1170
374	1523	male	general	older_teen	2	64
242	1335	female	general	older_teen	16	37
1154	1491	male	vocational	older_teen	0	263
274	1593	female	general	older_teen	22	37
6091	website 670	female	vocational	older_teen	25	1195
24	1650	male	general	older_teen	3	2
5226	website 283	female	technical	older_teen	311	740
3330	website 350	male	technical	older_teen	13	366
2949	342	female	general	older_teen	32	194
1905	website 225	male	technical	older_teen	39	345
2096	website 677	male	vocational	older_teen	54	458
3468	622	female	general	older_teen	167	576
18	1103	female	technical	older_teen	0	1
551	226	male	technical	older_teen	25	108
782	website 51	female	general	older_teen	1	94
434	769	female	vocational	older_teen	55	63
516	website 50	male	general	older_teen	1	100
48	196	female	general	older_teen	0	7
203	website 95	female	general	older_teen	0	30
331	website 534	male	vocational	older_teen	2	46
140	439	female	general	older_teen	0	16
10	1241	female	general	older_teen	0	1
82	1620	male	general	older_teen	8	18
4831	website 303	female	technical	older_teen	21	930
111	1622	male	general	older_teen	3	24
2007	639	female	general	older_teen	125	257
1749	683	female	vocational	older_teen	167	197
10305	website 253	male	technical	older_teen	141	2409
1693	901	female	vocational	older_teen	180	316
80	360	female	technical	older_teen	1	18
45	1952	male	vocational	older_teen	0	7
19	500	female	technical	older_teen	1	4
2394	444	female	technical	older_teen	87	308
1893	477	female	technical	older_teen	11	345
6668	website 566	female	vocational	older_teen	290	1082
826	708	female	general	older_teen	3	165
1071	website 295	female	technical	older_teen	4	89
146	168	male	vocational	older_teen	3	26
147	569	female	technical	older_teen	0	21
2439	website 510	male	technical	older_teen	190	302
2261	website 352	male	technical	older_teen	5	463