BNC	TAG_ING	ING	VERB_LEMMA	ING_LEMMA
A06	VVG	speaking	force	speak
A08	VBG	being	nudge	be
A0C	VVG	taking	talk	tak
A0F	VVG	taking	bully	take
A0H	VVG	trying	influence	try
A0H	VVG	thinking	delude	think
A0J	VVG	thinking	fool	think
A0J	AJ0-NN1	drug-taking	push	take
A0K	VVG	joining	recruit	join
A0P	VVG	giving	talk	give
A0U	VVG	paying	hoodwink	pay
A15	VVG	making	bully	make
A18	VVG	thinking	trick	think
A18	VVG	thinking	trick	think
A1B	VVG	recovering	shock	recover
A1B	VVG	deciding	provoke	decide
A1B	VVG	seeming	lead	seem
A1B	VVG	avowing	coerce	avow
A1B	NN1-VVG	writing	coerce	write
A1L	VVG	reading	bludgeon	read
A1V	VVG	spending	frighten	spend
A1W	VVG	staying	intimidate	stay
A27	VHG	having	pressure	have
A2S	VVG	throwing	force	throw
A2S	VVG	winning	sting	win
A2U	VVG	beating	bludgeon	beat
A36	NN1-VVG	exclaiming	force	exclaim
A3D	VVG	pretending	trick	pretend
A3G	VVG	handing	trick	hand
A3G	VVG	thinking	hoodwink	think
A3L	AJ0-VVG	grabbing	sucker	grab
A40	VVG	raising	sting	raise
A46	NN1-VVG	accepting	press	accept
A4D	NN1-VVG	adopting	bamboozle	adopt
A4F	VVG	thinking	lure	think
A4U	VVG	thinking	seduce	think
A4W	VVG	playing	cajole	play
A56	VVG	wondering	provoke	wonder
A5G	VVG	subscribing	bully	subscribe
A5G	VVG	subscribing	dragoon	subscribe
A5M	VVG	leaving	coax	leave
A5M	VVG	giving	nudge	give
A64	VVG	paying	drive	pay
A64	NN1-VVG	collaborating	terrorise	collaborate
A64	AJ0-VVG	hauling	bludgeon	haul
A69	VVG	thinking	deceive	think
A69	VVG	imagining	beguile	imagine
A6A	VVG	spending	lead	spend
A6C	VVG	buying	con	buy
A6D	VVG	leaving	blackmail	leave
A6E	VDG	doing	talk	do
A6E	VVG	believing	con	believe
A6F	VVG	accepting	bounce	accept
A6J	NN1-VVG	saying	drag	say
A6M	VVG	becoming	will	become
A6M	AJ0-VVG	importing	trap	import
A6S	VVG	believing	mislead	believe
A6V	VVG	accepting	stun	accept
A77	VVG	letting	talk	let
A7C	VVG	taking	lull	take
A7C	VVG	becoming	talk	become
A7C	AJ0-VVG	seeing	prod	see
A7G	VVG	reviewing	pressure	review
A7J	NN1-VVG	dismantling	tempt	dismantle
A7L	VVG	working	browbeat	work
A7L	VVG	working	encourage	work
A7L	VVG	showing	blackmail	show
A7L	NN1-VVG	feeling	lure	feel
A7M	NN1-VVG	dwelling	provoke	dwell
A7W	VVG	saying	goad	say
A7Y	VVG	accepting	push	accept
A80	VVG	throwing	force	throw
A87	VVG	forming	coax	form
A8B	NN1	engineering	tempt	engineer
A8R	VVG	spending	con	spend
A8X	VVG	believing	dupe	believe
A8X	AJ0-VVG	supporting	terrorise	support
A8X	AJ0-VVG	supporting	terrorise	support
A9F	AJ0-VVG	thinking	mislead	think
AA6	VVG	sending	talk	send
AA7	VVG	selling	rush	sell
AA7	VVG	selling	rush	sell
AA8	VVG	adopting	stampede	adopt
AA9	VHG	having	fool	have
AAA	VVG	relaxing	scare	relax
AAB	VVG	spying	force	spy
AAC	AJ0-VVG	embracing	pressurise	embrace
AAF	NN1-VVG	making	lead	make
AAG	VVG	saying	nag	say
AAG	VVG	developing	nag	develop
AAJ	VBG	being	push	be
AAW	NN1-VVG	hiding	drive	hide
AAX	VVG	gulping	move	gulp
AB3	VVG	aspiring	seduce	aspire
AB3	VVG	accepting	terrify	accept
AB4	VVG	admitting	torture	admit
AB5	VVG	agreeing	talk	agree
ABD	VVG	giving	cajole	give
ABD	VVG	letting	bribe	let
ABD	VVG	choosing	force	choose
ABD	AJ0-VVG	tackling	lure	tackle
ABE	AJ0-VVG	banning	provoke	ban
ABE	AJ0-VVG	hiring	bully	hire
ABE	AJ0-VVG	buying	coax	buy
ABF	VVG	accepting	bamboozle	accept
ABF	VVG	thinking	push	think
ABG	VVG	agreeing	bounce	agree
ABG	VVG	announcing	push	announce
ABK	VVG	trading	bully	trade
ABK	VVG	launching	prod	launch
ABK	VVG	publishing	trick	publish
ABK	NN1-VVG	publishing	trick	publish
ABP	NN1-VVG	parting	coax	part
ABP	NN1-VVG	parting	bully	part
ABR	VVG	giving	pressurise	give
ABS	VVG	showing	talk	show
ABS	VVG	thinking	snare	think
ABV	VVG	thinking	fool	think
ABW	NN1-VVG	parting	trick	part
AC2	VVG	paying	penalise	pay
AC3	VDG	doing	provoke	do
AC3	NN1-VVG	drawing	encourage	draw
AC4	VVG	looking	bully	look
AC4	VVG	asking	shock	ask
AC7	VVG	accepting	beguile	accept
AC7	VDG	doing	persuade	do
ACB	VVG	admitting	force	admit
ACB	VVG	uncoiling	provoke	uncoil
ACJ	VHG	having	trick	have
ACN	VVG	imitating	coax	imitate
ACN	VVG	diluting	blackmail	dilute
ACN	NN1-VVG	parting	trick	part
ACS	VVG	putting	pervert	put
ACV	NN1-VVG	leaving	scare	leave
ACW	VVG	liking	trick	like
ACW	VVG	scuttling	scare	scuttle
AD0	VVG	eating	pressure	eat
AD0	VVG	breaking	trigger	break
AD1	VVG	giving	badger	give
AD2	VVG	acting	press	act
AD2	NN1-VVG	standing	press-gang	stand
AD7	AJ0-VVG	heaping	provoke	heap
ADA	VBG	being	tempt	be
ADB	VVG	believing	talk	believe
ADD	VVG	thinking	deceive	think
ADE	VVG	feeling	trigger	feel
ADE	VVG	feeling	catapult	feel
ADE	VVG	feeling	draw	feel
ADE	VVG	dealing	trigger	deal
ADE	AJ0-VVG	expressing	trigger	express
ADE	AJ0-VVG	expressing	force	express
ADF	AJ0-VVG	trying	force	try
ADF	NN1-VVG	performing	intimidate	perform
ADF	NN1-VVG	bucking	provoke	buck
ADL	VVG	handling	pitch	handle
ADP	VVG	concocting	tempt	concoct
ADP	VVG	singing	lure	sing
ADP	VVG	making	shock	make
ADS	NN1-VVG	co-operating	frighten	co-operate
ADW	VVG	giving	deceive	give
ADW	AJ0-VVG	expediting	bully	expedite
ADY	VVG	twisting	excite	twist
AE4	VVG	allowing	blackmail	allow
AE4	VVG	handing	bully	hand
AE4	VVG	reacting	alarm	react
AE9	VVG	returning	coerce	return
AEB	VVG	thinking	fool	think
AHC	VVG	running	cajole	run
AHC	VVG	contemplating	woo	contemplate
AHC	AJ0-VVG	running	talk	run
AHG	VVG	giving	shame	give
AHG	VVG	handing	pressurise	hand
AHG	VVG	believing	delude	believe
AHK	VVG	marrying	tempt	marry
AHL	VVG	watching	press-gang	watch
AHN	VVG	throwing	manipulate	throw
AHX	VVG	allowing	force	allow
AHX	VVG	establishing	bully	establish
AHX	VVG	thinking	fool	think
AJ6	VVG	accepting	provoke	accept
AJ6	VVG	apologising	draw	apologise
AJ8	VVG	believing	browbeat	believe
AJ8	VVG	buying	frighten	buy
AJJ	VVG	committing	force	commit
AJU	VVG	complying	press	comply
AJU	VVG	censoring	intimidate	censor
AJV	VVG	rejoining	pressurise	rejoin
AJX	VVG	selling	shock	sell
AJY	NN1-VVG	parting	talk	part
AJY	NN1-VVG	parting	cajole	part
AK8	VVG	thinking	trick	think
AKD	VVG	buying	mislead	buy
AKD	AJ0-VVG	buying	deceive	buy
AKE	VVG	making	force	make
AKH	VVG	choosing	rush	choose
AKH	VVG	making	steamroller	make
AKR	VVG	believing	dupe	believe
AKR	VVG	choosing	bounce	choose
AKS	VVG	befriending	force	befriend
AKV	VVG	thinking	deceive	think
AL2	VVG	investing	seduce	invest
AL3	VVG	joining	pressurise	join
AL6	VVG	overriding	manoeuvre	override
AL6	VVG	believing	deceive	believe
AL6	VVG	introducing	provoke	introduce
ALG	VVG	farming	encourage	farm
ALJ	VVG	helping	coerce	help
ALV	NN1-VVG	delaying	fool	delay
ALW	VVG	giving	badger	give
AM6	VVG	claiming	trap	claim
AM6	VVG	endowing	activate	endow
AM6	VVG	thinking	mislead	think
AM6	VVG	believing	trap	believe
AM6	NN1-VVG	understanding	educate	understand
AM8	VVG	bringing	galvanise	bring
AMB	VVG	showing	tempt	show
AMC	VVG	using	tempt	use
AMC	VVG	believing	fool	believe
AMG	VVG	allowing	trick	allow
AML	VVG	eating	deceive	eat
AMN	VVG	adopting	influence	adopt
AMT	VVG	thinking	mislead	think
AMU	VVG	giving	force	give
AMU	NN1-VVG	facing	manipulate	face
AMY	VVG	buying	interest	buy
AN0	AJ0-VVG	terminating	pressure	terminate
AN4	VVG	marrying	trick	marry
ANH	VVG	believing	mislead	believe
ANH	VVG	obeying	mislead	obey
ANL	AJ0-VVG	endorsing	draw	endorse
ANR	VVG	accepting	galvanise	accept
ANR	VVG	negotiating	coerce	negotiate
ANT	VBG	being	force	be
ANU	VVG	leaving	trick	leave
ANX	VVG	swallowing	panick	swallow
ANY	NN1-VVG	making	pressure	make
AP7	VVG	signing	provoke	sign
APE	VVG	rendering	prod	render
APK	VVG	getting	pressurise	get
APN	VVG	using	force	use
APR	VVG	making	entice	make
APR	VVG	editing	talk	edit
APS	VVG	thinking	tantalise	think
APV	AJ0-VVG	placing	pressurise	manufacture
APW	VVG	accepting	talk	accept
APY	VVG	playing	push	play
ARA	VDG	doing	trick	do
ARA	NN1-VVG	parting	trick	part
ARG	VVG	reaching	fool	reach
ARG	VVG	contemplating	lead	contemplate
ARH	NN1-VVG	thinking	prod	think
ARR	VVG	turning	mislead	turn
ARR	VVG	incubating	dupe	incubate
ARR	VVG	thinking	fool	think
ART	VVG	sending	force	send
ART	NN1-VVG	writing	trigger	write
ART	AJ0-VVG	buying	lure	buy
ARW	VVG	helping	coerce	help
ARW	VVG	approving	bludgeon	approve
AS0	VVG	extending	guide	extend
AS0	NN1-VVG	feeling	force	feel
AS3	VVG	thinking	fool	think
ASA	VVG	making	cajole	make
ASA	VVG	losing	pressurise	lose
ASB	VVG	revealing	torture	reveal
ASB	VVG	selling	trap	sell
ASC	VBG	being	cajole	be
ASD	VVG	making	badger	make
ASG	VVG	becoming	promote	become
ASR	VVG	exorcizing	talk	exorcize
ASS	VVG	making	tempt	make
ASS	VVG	thinking	fool	think
ASV	VVG	using	confuse	use
ASV	VVG	taking	pressure	take
ASV	VVG	writing	blackmail	write
AT4	VVG	swimming	terrorise	swim
AT7	AJ0-VVG	spending	blackmail	spend
ATA	VVG	talking	push	talk
ATA	VVG	misrecognising	habitualise	misrecognise
B01	NN1-VVG	retiring	coerce	retire
B02	NN1-VVG	farming	encourage	farm
B08	VVG	throwing	deceive	throw
B0B	VVG	digging	startle	dig
B0K	VVG	charging	tease	charge
B0L	VVG	spending	draw	spend
B0P	VVG	using	brainwash	use
B0P	NN1-VVG	finding	educate	find
B0U	VVG	giving	trap	give
B10	VVG	giving	coerce	give
B12	VVG	accepting	socialise	accept
B17	NN1-VVG	viewing	socialise	view
B1J	VDG	doing	trick	do
B1J	AJ0-VVG	treating	kid	treat
B1L	VVG	raising	bully	raise
B1R	VVG	underestimating	fool	underestimate
B1X	VVG	guiding	bully	guide
B1X	VVG	running	panick	run
B1X	VVG	marrying	force	marry
B21	VVG	becoming	trick	become
B28	VVG	choosing	force	choose
B2F	VVG	playing	tempt	play
B2F	VDG	doing	cajole	do
B2F	VDG	doing	trick	do
B2F	VVG	thinking	delude	think
B2F	VVG	learning	shock	learn
B2F	VDG	doing	provoke	do
B2F	VVG	giving	shock	give
B2F	VDG	doing	tempt	do
B2H	VVG	conceding	pressurise	concede
B2T	VBG	being	stimulate	be
B30	VVG	attempting	sidetrack	attempt
B33	VVG	perceiving	fool	perceive
B34	VVG	leaving	coax	leave
B34	VVG	staying	press	stay
B34	VVG	thinking	fool	think
B34	NN1-VVG	thinking	tillerise	think
B38	NN1-VVG	helping	jolly	help
B3G	VVG	playing	dragoon	play
B3G	VBG	being	force	be
B72	VVG	investing	push	invest
B75	VVG	running	coax	run
B76	VVG	working	charm	work
B7B	NN1-VVG	setting	coax	set
B7C	VVG	believing	bamboozle	believe
B7C	VVG	thinking	fool	think
B7C	VVG	believing	torture	believe
B7D	NN1-VVG	continuing	batter	continue
B7G	VVG	pushing	provoke	push
B7G	VVG	holding	push	hold
B7G	VVG	grinding	persuade	grind
B7G	VVG	expecting	lead	expect
B7G	VVG	assuming	mislead	assume
B7G	VVG	reaching	mislead	reach
B7G	VVG	accepting	lull	accept
B7J	VVG	bringing	scare	bring
B7J	VVG	thinking	mislead	think
B7J	VVG	accepting	con	accept
B7J	NN1-VVG	dancing	trick	dance
B7K	VVG	thinking	beguile	think
B7M	VVG	resigning	force	resign
B7M	VVG	pushing	force	push
BLW	VVG	becoming	catapult	become
BLX	VVG	dropping	panick	drop
BM4	VVG	playing	force	play
BM5	AJ0-VVG	thinking	fool	think
BM9	VVG	changing	shame	change
BMB	VVG	voting	jolly	vote
BMB	VVG	working	guide	work
BMC	VVG	dismissing	blind	dismiss
BMD	VVG	flowering	coax	flower
BMD	VVG	rediscovering	spur	rediscover
BMD	VVG	thinking	mislead	think
BMD	VVG	flowering	nurture	flower
BMF	VVG	believing	confuse	believe
BMG	VVG	reacting	fool	react
BMK	VVG	framing	press	frame
BMM	VVG	giving	scare	give
BMR	VVG	taking	browbeat	take
BMS	VVG	letting	charm	let
BMW	VVG	bartering	manoeuvre	barter
BMY	VVG	utilizing	coax	utilize
BMY	VVG	regurgitating	trigger	regurgitate
BMY	VVG	interpreting	force	interpret
BN2	VVG	refusing	provoke	refuse
BN2	VVG	putting	provoke	put
BN2	AJ0-VVG	developing	force	develop
BNA	VVG	filling	pressure	fill
BNA	VVG	thinking	fool	think
BNA	VVG	giving	sway	give
BNA	NN1-VVG	feeling	trick	feel
BNB	VVG	supporting	talk	support
BNB	VVG	making	terrify	make
BNF	VVG	making	spur	make
BNF	VVG	adopting	force	adopt
BNF	VVG	making	shock	make
BNK	NN1-VVG	advertising	encourage	advertise
BNL	VDG	doing	coerce	do
BNL	VVG	taking	panick	take
BNP	VVG	thinking	deceive	think
BNS	VVG	working	dupe	work
BNS	VVG	calling	provoke	call
BNT	VVG	waving	coerce	wave
BP5	VVG	thinking	mislead	think
BPK	VVG	making	force	make
C85	VVG	saying	trick	say
C85	VVG	knowing	shock	know
C85	VVG	running	persuade	run
C87	VVG	accepting	talk	accept
C8B	VVG	becoming	shame	become
C8B	VVG	becoming	scare	become
C8E	VVG	becoming	batter	become
C8E	VVG	becoming	force	become
C8F	VVG	taking	guide	take
C8N	VVG	believing	con	believe
C8S	VVG	working	woo	work
C8V	VVG	behaving	beguile	behave
C8V	VVG	answering	sidetrack	answer
C8V	NN1-VVG	believing	hoodwink	believe
C8Y	VVG	selling	con	sell
C90	VVG	believing	mesmerise	believe
C90	AJ0-VVG	requesting	cajole	request
C92	VVG	believing	fool	believe
C95	VVG	thinking	fool	think
C95	VVG	stinging	stimulate	sting
C97	VVG	nibbling	embarrass	nibble
C98	VVG	agreeing	cajole	agree
C9A	VVG	conducting	goad	conduct
C9H	VVG	believing	hoodwink	believe
C9J	VVG	playing	talk	play
C9K	VVG	learning	force	learn
C9L	VVG	listening	lead	listen
C9M	VVG	letting	talk	let
C9M	VVG	buying	fool	buy
C9N	VVG	playing	get	play
C9N	VVG	producing	cajole	produce
C9U	VVG	accepting	cajole	accept
C9X	VVG	playing	pressurise	play
CA0	VVG	crossing	tease	cross
CA5	VVG	seeing	brainwash	see
CA5	NN1-VVG	feeling	coax	feel
CA5	NN1-VVG	feeling	provoke	feel
CA9	VVG	going	talk	go
CA9	VVG	dressing	shove	dress
CA9	NN1-VVG	continuing	will	continue
CAC	VVG	revealing	trick	reveal
CAC	VVG	marrying	blackmail	marry
CAC	NN1-VVG	appearing	goad	appear
CAC	NN1-VVG	drinking	trick	drink
CAD	VVG	giving	harass	give
CAE	VHG	having	goad	have
CAG	VVG	accepting	bounce	accept
CAG	VVG	balloting	shame	ballot
CAG	VVG	playing	galvanise	play
CAG	VVG	thinking	mislead	think
CAG	VVG	making	provoke	make
CAL	VVG	attempting	provoke	attempt
CAM	VVG	putting	provoke	put
CAW	VVG	using	force	use
CB0	VVG	making	cajole	make
CB1	VVG	doubting	cow	doubt
CB3	VVG	making	harry	make
CB4	VVG	believing	bluff	believe
CB4	VVG	rebalancing	stimulate	rebalance
CB5	VVG	changing	bully	change
CB5	NN1-VVG	eating	tempt	eat
CB6	VVG	giving	trick	give
CB8	VVG	making	galvanise	make
CBC	VVG	paying	fool	pay
CBC	VVG	acquiring	ease	acquire
CBC	VVG	confessing	force	confess
CBC	VDG	doing	shame	do
CBC	VVG	thinking	fool	think
CBC	VVG	acquiring	tease	acquire
CBE	VVG	making	manipulate	make
CBE	VVG	withdrawing	pressure	withdraw
CBF	VVG	baring	trick	bare
CBF	VVG	handing	terrify	hand
CBF	VVG	making	force	make
CBF	NN1-VVG	meeting	trick	meet
CBG	VVG	switching	force	switch
CBG	VVG	supporting	woo	support
CBG	VVG	running	pressure	run
CBG	VVG	making	panick	make
CBG	VVG	playing	soft-talk	play
CBG	VVG	fighting	shame	fight
CBG	VVG	fighting	embarrass	fight
CBG	VVG	playing	press-gang	play
CBG	VVG	playing	press-gang	play
CBG	AJ0-VVG	managing	tempt	manage
CBN	VDG	doing	coerce	do
CBN	VDG	doing	influence	do
CBN	NN1-VVG	painting	launch	paint
CBN	NN1-VVG	painting	launch	paint
CBN	AJ0-VVG	abandoning	talk	abandon
CBR	NN1-VVG	co-operating	induce	co-operate
CBS	AJ0-VVG	believing	brainwash	believe
CBU	VVG	throwing	frighten	throw
CBV	VVG	lending	suck	lend
CBV	VVG	making	manipulate	make
CBW	VVG	entering	force	enter
CBW	VVG	making	force	make
CBX	VVG	adopting	pressurise	adopt
CBY	VVG	dealing	lead	deal
CC2	VVG	thinking	deceive	think
CCB	VVG	buying	beguile	buy
CCC	VVG	sharing	intimidate	share
CCC	VVG	throwing	panick	throw
CCC	AJ0-VVG	becoming	blackmail	become
CCD	VVG	revealing	goad	reveal
CCD	VVG	letting	charm	let
CCN	VVG	working	provoke	work
CCT	VVG	using	propel	use
CCT	VVG	using	bind	use
CCW	VVG	staying	talk	stay
CCW	VVG	taking	persuade	take
CD5	VVG	making	spur	make
CD5	VVG	trying	trick	try
CD6	VVG	attempting	propel	attempt
CDC	VVG	thinking	deceive	think
CDE	VVG	letting	badger	let
CDG	VVG	accepting	entice	accept
CDG	AJ0-VVG	filming	throw	film
CDH	VVG	thinking	fool	think
CDJ	VVG	thinking	fool	think
CDS	VVG	believing	delude	believe
CDS	VVG	believing	con	believe
CDS	VVG	bolstering	coerce	bolster
CDT	VVG	listening	stun	listen
CDV	VVG	adopting	discipline	adopt
CDV	AJ0-VVG	thinking	mislead	think
CDW	AJ0-VVG	passing	lead	pass
CDW	AJ0-VVG	creating	lead	create
CDX	VVG	buying	push	buy
CDY	VVG	going	argue	go
CDY	VVG	writing	beat	write
CDY	AJ0-VVG	telling	frighten	tell
CE1	VVG	exploring	coax	explore
CE1	VVG	believing	beguile	believe
CE4	VVG	creating	inspire	create
CE4	VVG	keeping	tempt	keep
CE7	VVG	taking	draw	take
CE7	VVG	reconsidering	shock	reconsider
CE7	VVG	sharing	draw	share
CE9	VVG	imagining	con	imagine
CEB	VVG	thinking	mislead	think
CEE	VVG	thinking	deceive	think
CEJ	VVG	saying	trap	say
CEJ	VVG	carrying	force	carry
CEK	VDG	doing	force	do
CEK	VVG	stealing	blackmail	steal
CEK	VVG	thinking	fool	think
CEM	VVG	picking	trick	pick
CEN	VVG	taking	dupe	take
CEN	VVG	thinking	fool	think
CEN	VVG	believing	fool	believe
CEN	VVG	signing	push	sign
CEN	VVG	thinking	fool	think
CEN	VVG	believing	fool	believe
CEN	AJ0-VVG	stealing	force	steal
CEP	VVG	believing	lull	believe
CEY	AJ0-VVG	thinking	betray	think
CF4	VVG	formulating	force	formulate
CFB	VVG	assaulting	goad	assault
CFB	VVG	making	force	make
CFB	VVG	believing	kid	believe
CFC	AJ0-VVG	paying	bully	pay
CG1	VVG	believing	dupe	believe
CG3	VVG	longing	fire	long
CG3	VVG	thinking	mislead	think
CG3	VVG	believing	trick	believe
CGB	VVG	thinking	delude	think
CGB	AJ0-VVG	seeing	brainwash	see
CGB	NN1-VVG	leaving	talk	leave
CGE	VVG	thinking	hoodwink	think
CGF	VVG	using	coerce	use
CGS	VVG	acting	coerce	act
CGS	AJ0-VVG	accepting	force	accept
CH1	VVG	appearing	trick	appear
CH1	VBG	being	shame	be
CH1	NN1-VVG	reacting	sting	react
CH2	VVG	getting	pressure	get
CH2	VVG	working	force	work
CH2	VVG	mutilating	terrorise	mutilate
CH2	NN1-VVG	backing	trick	back
CH3	VVG	believing	dupe	believe
CH3	VVG	thinking	fool	think
CH3	VVG	making	force	make
CH4	NN1-VVG	saying	sting	say
CH5	VVG	paying	shame	pay
CH5	VVG	buying	soft-soap	buy
CH6	VVG	believing	fool	believe
CH6	VVG	allowing	pressurise	allow
CH7	VVG	producing	kid	produce
CH7	VVG	edging	induce	edge
CHA	VVG	making	corner	make
CHB	VVG	accepting	charm	accept
CHE	VDG	doing	pressure	do
CHL	VVG	believing	deceive	believe
CHL	VVG	closing	shame	close
CHL	VVG	remembering	nudge	remember
CHT	VVG	agreeing	plead	agree
CHT	VVG	agreeing	cajole	agree
CHU	VVG	raising	throw	raise
CHV	VVG	buying	shove	buy
CJ1	VDG	doing	coerce	do
CJ1	VHG	having	trick	have
CJ1	VVG	learning	constrain	learn
CJ2	VVG	proclaiming	manoeuvre	proclaim
CJ3	VVG	thinking	fool	think
CJ3	VVG	thinking	fool	think
CJ3	VVG	thinking	fool	think
CJ9	VHG	having	pressurise	have
CJ9	VHG	having	force	have
CJ9	VVG	taking	rush	take
CJ9	VHG	having	pressurise	have
CJE	CJS	supposing	mislead	suppose
CJJ	VVG	attacking	goad	attack
CJX	VVG	believing	browbeat	believe
CK0	VVG	requesting	sweet-talk	request
CK1	VVG	thinking	mislead	think
CK1	VVG	thinking	mislead	think
CK4	VVG	spending	arm-wrestle	spend
CK4	VVG	sounding	arm-wrestle	sound
CK4	VVG	believing	seduce	believe
CK5	VVG	listening	pester	listen
CK5	VVG	buying	entice	buy
CK5	VVG	letting	annoy	let
CK6	VVG	thinking	confuse	think
CK6	NN1-VVG	calling	harry	call
CK8	VVG	speaking	provoke	speak
CK8	VVG	talking	trick	talk
CK9	VVG	making	draw	make
CKB	VVG	going	persuade	go
CKC	VVG	making	trap	make
CKD	VVG	offering	talk	offer
CKD	VVG	losing	dupe	lose
CKE	AJ0-VVG	losing	startle	lose
CKF	NN1-VVG	turning	startle	turn
CKH	VVG	rescuing	divert	rescue
CKN	VVG	missing	lead	miss
CKN	NN1-VVG	hiding	force	hide
CKN	NN1-VVG	hiding	force	hide
CKP	VVG	believing	mislead	believe
CKS	VVG	believing	socialise	believe
CKS	VVG	learning	scare	learn
CKS	VVG	giving	con	give
CKS	VVG	changing	whip	change
CKS	VVG	changing	cajole	change
CKS	VVG	learning	shame	learn
CL1	VVG	getting	force	get
CLE	AJ0-VVG	joining	propel	join
CLF	VVG	agreeing	propel	agree
CLJ	VVG	raising	scare	raise
CLK	VVG	attending	dupe	attend
CLK	VVG	believing	trick	believe
CLK	VVG	freeing	lure	free
CLK	NN1-VVG	entering	lure	enter
CLM	VVG	publishing	pressure	publish
CLM	VVG	taking	chivvy	take
CLM	VVG	judging	browbeat	judge
CLM	VVG	granting	bludgeon	grant
CLM	VVG	offering	force	offer
CLN	NN1-VVG	ending	shame	end
CLP	VVG	developing	guide	develop
CLP	VVG	trying	steer	try
CLP	AJ0-VVG	following	guide	follow
CLS	VVG	believing	seduce	believe
CLT	VVG	attending	bully	attend
CM0	VVG	entering	push	enter
CM0	NN1-VVG	joining	flatter	join
CM2	VVG	taking	manipulate	take
CM5	VVG	asking	lead	ask
CM6	VVG	keeping	coerce	keep
CM6	VVG	rejecting	bully	reject
CM6	NN1-VVG	abdicating	bully	abdicate
CM7	VVG	stoning	inflame	stone
CM8	VVG	thinking	mislead	think
CM8	VVG	thinking	overawe	think
CM9	AJ0-VVG	seeing	deceive	see
CMA	VVG	making	tempt	make
CMC	VVG	committing	draw	commit
CMC	VVG	fleeing	panick	flee
CMC	NN1-VVG	fighting	goad	fight
CMF	VVG	modifying	prompt	modify
CMF	VVG	saying	prompt	say
CMH	VVG	developing	stimulate	develop
CMJ	VVG	thinking	lead	think
CMJ	AJ0-VVG	seeing	draw	see
CML	NN1-VVG	driving	harangue	drive
CMM	VVG	getting	drive	get
CMN	VVG	thinking	force	think
CMN	VVG	thinking	delude	think
CMR	VVG	making	galvanise	make
CN1	NN1-VVG	fighting	goad	fight
CN2	VVG	allowing	talk	allow
CN3	NN1-VVG	signing	charm	sign
CN9	VVG	thinking	delude	think
CNC	VVG	keeping	lure	keep
CP6	VVG	thinking	fool	think
CR8	VVG	voting	intimidate	vote
CR9	VDG	doing	shame	do
CRA	VVG	giving	arm-twist	give
CRB	VVG	making	arm-twist	make
CRC	VVG	believing	delude	believe
CRE	VDG	doing	provoke	do
CRJ	VVG	chasing	torment	chase
CRP	VVG	producing	aggravate	produce
CRV	VVG	thinking	dupe	think
CRV	VVG	thinking	deceive	think
CRV	VVG	loving	drug	love
CRV	VVG	naming	shame	name
CRV	VVG	killing	dupe	kill
CRV	VVG	setting	manipulate	set
CRV	VVG	giving	corrupt	give
CRV	AJ0-VVG	loving	gull	love
CRV	NN1-VVG	fleeing	dupe	flee
CRW	VVG	believing	mislead	believe
CRX	NN1-VVG	cheating	force	cheat
CS0	VVG	mounting	stimulate	mount
CS0	NN1-VVG	building	mobilise	build
CS2	VVG	accepting	drill	accept
CS2	NN1-VVG	accepting	drill	accept
CS3	VVG	conjecturing	force	conjecture
CS3	VVG	fighting	mobilise	fight
CS3	VVG	believing	manipulate	believe
CS5	VHG	having	push	have
CS5	VVG	searching	push	search
CS5	VVG	keeping	draw	keep
CS5	VVG	dismissing	push	dismiss
CS7	VVG	promoting	manoeuvre	promote
CS7	VVG	kissing	tease	kiss
CSK	VVG	accepting	force	accept
CT8	VVG	trying	seduce	try
CTC	AJ0-VVG	cutting	drive	cut
CTP	VVG	resigning	push	resign
CTX	VVG	thinking	fool	think
CU0	VVG	signalling	deceive	signal
CU1	VVG	granting	coerce	grant
E9P	VVG	issuing	goad	issue
E9P	VVG	leaving	blackmail	leave
E9R	VVG	thinking	mislead	think
E9T	VVG	believing	fool	believe
E9T	NN1-VVG	parting	trick	part
E9V	VVG	accepting	coerce	accept
E9V	AJ0-VVG	surrendering	pressure	surrender
EA3	VVG	respecting	socialise	respect
EA4	VVG	lending	pressure	lend
EA8	VVG	thinking	fool	think
EAK	VVG	thinking	trick	think
EAK	AJ0-VVG	juggling	push	juggle
EAX	VVG	expanding	draw	expand
EAY	VVG	believing	frighten	believe
EB1	VVG	talking	guide	talk
EB2	VVG	believing	mislead	believe
EBS	VVG	thinking	deceive	think
EBV	VVG	helping	cajole	help
EC2	AJ0-VVG	thinking	mislead	think
EC8	AJ0-VVG	accepting	trick	accept
ECK	VVG	giving	press	give
ECN	VVG	believing	con	believe
ECP	VVG	thinking	fool	think
ECT	VVG	remembering	startle	remember
ECV	VVG	giving	coerce	give
ECV	VVG	accepting	coerce	accept
ECV	VDG	doing	coerce	do
ECV	VVG	behaving	coerce	behave
ECV	VDG	doing	coerce	do
ECV	UNC	thinking/acting	coerce	think
ECV	UNC	thinking/acting	coerce	act
ECX	VVG	thinking	lull	think
ECY	VVG	working	coerce	work
ECY	VVG	working	cajole	work
ED3	NN1-VVG	retailing	lead	retail
ED7	VVG	believing	fool	believe
ED7	AJ0-VVG	seeing	lead	see
ED7	AJ0-VVG	driving	con	drive
ED9	VVG	opening	cajole	open
ED9	VVG	regulating	pressurise	regulate
EDD	VVG	deciding	pressure	decide
EDE	VVG	believing	bamboozle	believe
EDF	VVG	fighting	mislead	fight
EDG	VVG	buying	talk	buy
EDH	VVG	thinking	deceive	think
EDH	NN1-VVG	accepting	socialise	accept
EDM	VVG	becoming	talk	become
EDM	NN1	engineering	draw	engineer
EDM	NN1-VVG	teaching	lead	teach
EDM	NN1-VVG	performing	force	perform
EDN	VVG	believing	deceive	believe
EDP	VVG	relying	pressure	rely
EDP	NN1-VVG	undertaking	propel	undertake
EDU	VVG	increasing	push	increase
EDY	VVG	abolishing	coerce	abolish
EEE	VVG	seizing	panick	seize
EEF	VVG	putting	lure	put
EEF	NN1-VVG	undertaking	coerce	undertake
EEF	NN1-VVG	undertaking	cajole	undertake
EEM	VVG	believing	deceive	believe
EEY	VVG	passing	persuade	pass
EF2	NN1-VVG	helping	coax	help
EF4	VBG	being	conjure	be
EF7	VVG	allowing	talk	allow
EFA	AJ0-VVG	sending	talk	send
EFB	VVG	participating	brainwash	participate
EFD	VVG	asking	provoke	ask
EFD	VVG	changing	pressure	change
EFF	VVG	accepting	fool	accept
EFF	VVG	thinking	con	think
EFG	VVG	tidying	nag	tidy
EFH	VVG	writing	bully	write
EFN	VVG	agreeing	seduce	agree
EFP	VVG	cowering	shame	cower
EFR	VVG	giving	delude	give
EFX	VVG	escorting	inveigle	escort
EUU	VVG	selling	cajole	sell
EUU	VVG	selling	entice	sell
EUU	VVG	giving	talk	give
EUU	VDG	doing	coax	do
EUU	VVG	attending	push	attend
EUU	VVG	buying	persuade	buy
EUU	VVG	suggesting	lead	suggest
EUU	VVG	investing	push	invest
EUU	AJ0-VVG	buying	press	buy
EUU	NN1-VVG	buying	wheedle	buy
EV1	VBG	being	compel	be
EV9	AJ0-VVG	studying	attract	study
EVC	NN1-VVG	helping	dragoon	help
EVG	VVG	shouting	frighten	shout
EVJ	VVG	joining	coax	join
EVJ	VVG	joining	bribe	join
EVJ	VVG	joining	fight	join
EVJ	NN1-VVG	printing	push	print
EVK	VVG	revealing	surprise	reveal
EVK	VVG	confessing	pressurise	confess
EVP	VVG	acceding	overawe	accede
EW5	VVG	buying	motivate	buy
EW5	VVG	resolving	motivate	try
EW5	NN1-VVG	buying	motivate	buy
EW8	VVG	producing	trigger	produce
EW8	NN1-VVG	producing	trigger	produce
EWA	VVG	taking	lead	take
EWC	VVG	going	bully	go
EWC	VVG	going	persuade	go
EWH	VVG	believing	lull	believe
EWH	NN1-VVG	going	blackmail	go
EWX	VVG	believing	divert	believe
EX0	NN1-VVG	buying	rush	buy
EX2	VDG	doing	draw	do
EX5	VVG	thinking	mislead	think
EX5	VVG	running	encourage	run
EX5	VVG	running	coerce	run
EX5	VVG	taking	pressure	take
EX6	VVG	defining	lead	define
F8L	VVG	thinking	fool	think
F9C	VVG	thinking	fool	think
F9C	VVG	using	talk	use
F9D	VVG	reading	lure	read
F9E	VVG	producing	push	produce
F9E	VVG	developing	stimulate	develop
F9F	VVG	thinking	deceive	think
F9L	VVG	swearing	cow	swear
F9L	NN1-VVG	acquiescing	coerce	acquiesce
F9N	VVG	betraying	manipulate	betray
F9N	VVG	betraying	threaten	betray
F9N	VVG	using	cajole	use
F9P	VVG	giving	scare	give
F9R	VDG	doing	drive	do
F9R	VVG	changing	bully	change
F9R	VVG	winding	wheedle	wind
F9R	AJ0-VVG	uttering	drive	utter
FA2	VVG	joining	talk	join
FA5	VVG	attending	dragoon	attend
FA6	VBG	being	mature	be
FA7	VVG	suppressing	frighten	suppress
FAB	VVG	ringing	talk	ring
FAF	VVG	meeting	shame	meet
FAM	VDG	doing	coerce	do
FB0	VVG	seeing	startle	see
FB0	NN1-VVG	prodding	provoke	produce
FB1	NN1-VVG	hiding	drive	hide
FB5	AJ0-VVG	re-imposing	force	re-impose
FB7	VVG	posing	delude	pose
FBD	VVG	accepting	force	accept
FBM	VVG	thinking	fool	think
FBM	VVG	adopting	coerce	adopt
FBN	VVG	buying	con	buy
FBP	VDG	doing	spur	do
FBP	VVG	taking	push	take
FCC	VDG	doing	trick	do
FCC	VVG	providing	mislead	provide
FCC	VVG	providing	trick	provide
FCC	VDG	doing	trick	do
FCC	VDG	doing	trick	do
FD7	VVG	signing	trick	sign
FD7	VVG	signing	trick	sign
FD7	VVG	signing	trick	sign
FD7	VVG	signing	trick	sign
FD7	AJ0-VVG	signing	trick	sign
FE2	VVG	authorising	deceive	authorise
FE2	VVG	transferring	deceive	transfer
FE2	VVG	handing	deceive	hand
FE2	NN1-VVG	parting	trick	part
FE2	AJ0-VVG	transferring	deceive	transfer
FEE	VDG	doing	cajole	do
FEP	NN1-VVG	writing	throw	write
FES	VVG	leaving	flatter	leave
FES	VVG	believing	mislead	believe
FES	NN1-VVG	recruiting	throw	recruit
FF0	VVG	seeing	trick	see
FF0	VVG	giving	trick	give
FNT	NN1-VVG	responding	goad	respond
FNU	VVG	discussing	lead	discuss
FNU	VVG	giving	bully	give
FNU	VBG	being	coax	be
FNX	VVG	bringing	blackmail	bring
FNX	VVG	giving	embarrass	give
FP1	VVG	accepting	josh	accept
FP3	VVG	trusting	lull	trust
FP7	VVG	covering	con	cover
FP7	VVG	thinking	fool	think
FP8	VVG	thinking	mislead	think
FP9	AJ0-VVG	producing	draw	produce
FPA	VVG	making	bully	make
FPA	VVG	making	inveigle	make
FPA	VVG	making	shame	make
FPD	AJ0-VVG	shaking	dragoon	shake
FPH	VVG	singing	coax	sing
FPJ	VVG	expressing	lock	express
FPJ	VVG	joining	cajole	join
FPK	VVG	believing	bully	believe
FPM	VVG	taking	fool	take
FPS	VVG	cocking	blackmail	cock
FPS	NN1-VVG	hiding	force	hide
FPX	VVG	taking	inveigle	take
FR1	VVG	making	force	make
FR1	VVG	giving	cajole	give
FR5	VVG	signing	pressure	sign
FR6	VVG	marrying	trick	marry
FR9	VVG	believing	bluff	believe
FRE	NN1-VVG	replying	trap	reply
FRF	VVG	making	bully	make
FRJ	VVG	thinking	fool	think
FRJ	VVG	convincing	prod	convince
FRJ	VVG	vying	distract	vy
FRS	VVG	coming	talk	come
FS0	VVG	believing	dupe	believe
FSG	VVG	talking	coax	talk
FSM	NN1-VVG	responding	pressure	respond
FT2	VVG	prompting	phase	prompt
FT3	VVG	taking	tempt	take
FT3	VVG	taking	bribe	take
FT6	VVG	agreeing	force	agree
FT7	VVG	producing	aggravate	produce
FT9	VVG	believing	con	believe
FTW	VVG	becoming	catalyse	become
FTX	VVG	thinking	mislead	think
FTY	AJ0-VVG	offering	tempt	offer
FU7	VVG	recognising	shock	recognise
FUJ	VVG	having	scare	have
FYP	VVG	speaking	collar	speak
G00	VVG	thinking	fool	think
G04	VVG	launching	persuade	launch
G05	NN1-VVG	building	coerce	build
G07	VVG	thinking	shame	think
G07	VVG	taking	bully	take
G07	VVG	going	talk	go
G07	VVG	giving	shame	give
G0E	VVG	giving	talk	give
G0E	VVG	believing	trick	believe
G0F	VVG	believing	brainwash	believe
G0G	VVG	defining	lead	define
G0G	VVG	thinking	mislead	think
G0G	VVG	granting	deceive	grant
G0M	VVG	bristling	prick	bristle
G0M	NN1-VVG	helping	trick	help
G0M	NN1-VVG	helping	trick	help
G0R	VVG	grappling	galvanise	grapple
G0S	AJ0-VVG	sailing	press-gang	sail
G0S	NN1-VVG	replying	provoke	reply
G0T	VVG	giving	beat	give
G0U	VVG	behaving	coerce	behave
G0U	VVG	behaving	condition	behave
G0V	AJ0-VVG	buying	persuade	buy
G0W	VVG	taking	lead	take
G0W	VVG	teaching	stereotype	teach
G10	VVG	giving	charm	give
G14	VVG	taking	fool	take
G15	VVG	changing	beat	change
G15	VVG	keeping	tickle	keep
G15	AJ0-VVG	thinking	mislead	think
G17	NN1-VVG	leaving	goad	leave
G1B	VVG	believing	talk	believe
G1B	VVG	killing	goad	kill
G1B	VVG	giving	con	give
G1G	VVG	accepting	coerce	accept
G1H	VVG	bringing	panick	bring
G1H	VVG	adopting	galvanise	adopt
G1K	VBG	being	terrify	be
G1R	VVG	reversing	pressurise	reverse
G1R	VVG	rejecting	pressurise	reject
G1S	VVG	talking	draw	talk
G1U	VVG	deputizing	pressure	deputize
G1W	VDG	doing	inveigle	do
G27	VVG	running	push	run
G2E	VVG	eating	trap	eat
G2J	VVG	becoming	hijack	become
G2J	VVG	tacking	pressure	tack
G2V	VVG	believing	delude	believe
G2W	VVG	removing	humble	remove
G30	NN1-VVG	buying	pressure	buy
G33	VVG	leaving	encourage	leave
G33	VVG	leaving	coerce	leave
G35	VVG	taking	tease	take
G35	VVG	thinking	brainwash	think
G35	VVG	staying	brainwash	stay
G35	VVG	riding	talk	ride
G36	NN1-VVG	dieting	pressurise	diet
G36	NN1-VVG	slimming	pressurise	slim
G3C	VVG	giving	intimidate	give
G3C	VVG	thinking	deceive	think
G3D	VVG	believing	delude	believe
G3F	VVG	purchasing	motivate	purchase
G3G	VVG	taking	talk	take
G3G	NN1-VVG	making	tempt	make
G3P	VVG	wearing	talk	wear
G4H	VDG	doing	lead	do
GSX	VVG	providing	dragoon	provide
GT3	NN1-VVG	nursing	lead	nurse
GT5	VVG	applying	spur	apply
GT6	AJ0-VVG	daring	tempt	dare
GT7	AJ0-VVG	recruiting	charm	recruit
GTB	VVG	carving	lead	carve
GTG	VVG	supporting	draw	support
GTH	VVG	joining	bully	join
GU6	VVG	using	lead	use
GU6	VVG	reviewing	lead	review
GU8	VDG	doing	manipulate	do
GU8	VDG	doing	force	do
GU9	VVG	facing	shock	face
GUE	VVG	trying	lead	try
GUF	VVG	marrying	blackmail	marry
GUK	VVG	staying	strike	stay
GUK	NN1-VVG	lingering	stroke	linger
GUK	NN1-VVG	lingering	stroke	stay
GUN	VVG	taking	push	take
GUN	VVG	paying	pitch	pay
GUP	NN1-VVG	talking	trap	talk
GUR	VBG	being	force	be
GUR	VVG	getting	bully	get
GUU	VVG	revealing	trick	reveal
GUX	VVG	telling	coax	tell
GUX	VVG	taking	deceive	take
GV2	VVG	going	trick	go
GV2	VVG	going	trick	go
GV2	VVG	going	fool	go
GV2	AJ0-VVG	believing	confuse	believe
GV5	VHG	having	embarrass	have
GVC	VVG	making	trick	make
GVC	VVG	playing	talk	play
GVD	VVG	beginning	chivvy	begin
GVF	VVG	leaving	trap	leave
GVL	VVG	taking	prod	take
GVN	VVG	believing	indoctrinate	believe
GVN	VVG	believing	indoctrinate	believe
GVN	VVG	following	coerce	follow
GVP	VVG	taking	inveigle	take
GVP	VVG	questioning	trick	question
GVP	VVG	defying	manipulate	defy
GVR	VVG	breaking	provoke	break
GVR	VVG	using	provoke	use
GVR	VVG	using	provoke	use
GVR	VVG	breaking	provoke	break
GVR	VVG	responding	provoke	respond
GVR	VVG	taking	coerce	take
GVR	VVG	thinking	lead	think
GVS	VVG	thinking	deceive	think
GVT	NN1-VVG	going	badger	go
GVV	NN1-VVG	uniting	terrorise	unite
GW0	VVG	telling	guide	tell
GW0	VVG	giving	corner	give
GW0	VDG	doing	talk	do
GW1	VVG	giving	reason	give
GW2	NN1-VVG	making	provoke	make
GW4	VVG	positing	seduce	posit
GW6	VVG	thinking	mislead	think
GW9	VVG	coming	sucker	come
GWG	VVG	writing	push	write
GXA	NN1-VVG	banking	lead	bank
GXG	VVG	becoming	induce	become
GY4	VVG	thinking	trick	think
H07	NN1	bottle-feeding	pressurise	bottle-feed
H0D	VVG	liking	soften	like
H0M	VVG	thinking	psych	think
H10	VVG	thinking	delude	think
H7A	VVG	believing	trick	believe
H7A	VVG	getting	bully	get
H7F	VVG	letting	talk	let
H7K	VVG	avoiding	brainwash	avoid
H7K	VVG	thinking	brainwash	think
H7K	VVG	thinking	brainwash	think
H7V	VVG	staying	frighten	stay
H7W	VVG	saying	goad	say
H7W	VVG	sailing	blackmail	sail
H7W	VVG	accepting	nudge	accept
H7W	VVG	working	force	work
H7W	VVG	accepting	bully	accept
H7X	VVG	developing	provoke	develop
H7X	VVG	making	provoke	make
H80	VVG	seeing	convince	see
H84	VVG	criticising	draw	criticise
H85	VVG	acting	frighten	act
H86	VVG	making	harass	make
H86	VVG	believing	con	believe
H88	VVG	expecting	socialise	expect
H88	VVG	adopting	induce	adopt
H88	VVG	believing	seduce	believe
H8A	VVG	hanging	manoeuvre	hang
H8J	VVG	thinking	deceive	think
H8L	VVG	believing	hypnotise	believe
H8M	VVG	arguing	trap	argue
H8M	VVG	pulling	sting	pull
H8S	VVG	signing	hurry	sign
H8S	VVG	caring	talk	car
H8T	VVG	giving	sting	give
H8T	VVG	believing	mislead	believe
H8W	VVG	supporting	drive	support
H8X	VVG	showing	bully	show
H90	VVG	leaving	panick	leave
H91	NN1-VVG	signing	con	sign
H94	VBG	being	goad	be
H95	VVG	inquiring	sway	inquire
H97	VVG	working	press-gang	work
H9C	VVG	collecting	bully	collect
H9D	NN1-VVG	opening	panick	open
H9H	VVG	thinking	fool	think
H9H	VVG	thinking	trick	think
H9J	VVG	consuming	fool	consume
H9L	VVG	accepting	lull	accept
H9L	VVG	facing	shock	face
H9L	VVG	yielding	seduce	yield
H9L	NN1-VVG	helping	bribe	help
H9M	VVG	changing	fool	change
H9M	VVG	believing	fool	believe
H9M	VVG	supplying	fool	supply
H9M	AJ0-VVG	supplying	fool	supply
H9N	VVG	showing	lure	show
H9N	VVG	buying	blackmail	buy
H9S	VVG	underexposing	trick	underexpose
H9V	VVG	confiding	needle	confide
H9V	VVG	thinking	fool	think
H9V	NN1-VVG	answering	startle	answer
H9W	VVG	thinking	lull	think
H9W	VBG	being	terrify	be
H9W	VVG	making	annoy	make
H9X	VVG	writing	bounce	write
H9Y	VVG	thinking	fool	think
H9Y	VVG	staring	reduce	star
HA1	VVG	using	cajole	use
HA1	VVG	realizing	shock	realize
HA5	VVG	believing	deceive	believe
HA5	VVG	giving	seduce	give
HA5	VVG	playing	trap	play
HA5	VVG	staying	trap	stay
HA5	VVG	taking	inveigle	take
HA7	VVG	thinking	lead	think
HA9	VDG	doing	goad	do
HA9	VVG	making	force	make
HAC	VVG	thinking	fool	think
HAC	VVG	thinking	mislead	think
HAC	VVG	sending	influence	send
HAC	VVG	thinking	fool	think
HAC	VVG	using	tempt	use
HAE	VVG	believing	mislead	believe
HAF	VVG	thinking	fool	think
HAF	VVG	paying	trick	pay
HAU	VVG	defending	make	defend
HAW	VVG	giving	badger	give
HB4	AJ0-VVG	conceding	bully	concede
HC7	VVG	discussing	lead	discuss
HCK	VVG	changing	prod	change
HD6	VVG	marrying	trick	marry
HD7	VVG	taking	push	take
HDC	VVG	giving	shock	give
HDC	AJ0-VVG	running	draw	run
HDC	AJ0-VVG	delivering	coerce	deliver
HDL	AJ0-VVG	running	initiate	run
HDU	VVG	accepting	force	accept
HF2	VVG	coming	hoodwink	come
HGD	VVG	following	pressurise	follow
HGD	VBG	being	manoeuvre	be
HGD	VVG	seeing	force	see
HGK	VBG	being	coax	be
HGK	VVG	coming	pressurise	come
HGK	VVG	allowing	manoeuvre	allow
HGM	VVG	giving	provoke	give
HGM	VVG	getting	lie	get
HGM	VVG	getting	cheat	get
HGM	VVG	thinking	fool	think
HGM	VVG	becoming	blackmail	become
HGM	VBG	being	blackmail	be
HGM	VVG	marrying	blackmail	marry
HGM	VVG	agreeing	blackmail	agree
HGM	VVG	marrying	force	marry
HGM	VVG	becoming	bully	become
HGN	AJ0-VVG	discussing	manipulate	discuss
HGT	VVG	coming	trick	come
HGT	VVG	coming	deceive	come
HGT	VVG	thinking	school	think
HGV	VVG	thinking	fascinate	think
HGV	NN1-VVG	bathing	bully	bathe
HH1	VVG	abandoning	shock	abandon
HH1	VVG	using	force	use
HH1	VVG	blurting	scare	blurt
HH1	VVG	running	frighten	run
HH3	VVG	buying	pressurise	buy
HH3	VVG	accepting	shake_up	accept
HH3	VVG	exchanging	confuse	exchange
HH3	VVG	serving	dragoon	serve
HH3	VVG	serving	dragoon	serve
HH3	VVG	recognizing	pressure	recognise
HH3	VVG	allowing	pressurise	allow
HH3	VVG	thinking	confuse	think
HH3	AJ0-VVG	spending	hoodwink	spend
HH3	AJ0-VVG	producing	force	produce
HH3	AJ0-VVG	withdrawing	pressurise	withdraw
HH7	VVG	buying	talk	buy
HH8	VVG	taking	coax	take
HHA	VVG	working	sweet-talk	work
HHA	VVG	saying	charm	say
HHA	NN1-VVG	replying	sting	reply
HHB	VVG	springing	stimulate	spring
HHB	VVG	believing	brainwash	believe
HHB	AJ0-VVG	losing	infuriate	lose
HHD	VVG	entering	talk	enter
HHE	VVG	thinking	mislead	think
HHV	VVG	making	panick	make
HHV	VVG	running	mislead	run
HHV	VVG	thinking	frighten	think
HHW	VVG	killing	provoke	kill
HHW	VVG	believing	lull	believe
HHW	VVG	supporting	bounce	support
HHW	VVG	making	lure	make
HHX	VVG	thinking	mislead	think
HHX	VVG	taking	hijack	take
HHX	VVG	entering	bully	enter
HHX	NN1-VVG	begging	drive	beg
HHX	NN1-VVG	expecting	beguile	expect
HHX	VHG	having	force	have
HHX	VVG	choosing	force	choose
HHX	NN1-VVG	smoking	recruit	smoke
HHX	VVG	believing	lead	believe
HJ3	VVG	coming	force	come
HJ4	VVG	qualifying	force	qualify
HJ4	NN1-VVG	broadcasting	con	broadcast
HJD	VVG	telling	coerce	tell
HJD	VVG	telling	bully	tell
HJD	VVG	giving	talk	give
HJD	VVG	pleading	frighten	plead
HJD	VVG	discarding	force	discard
HJD	VVG	fighting	force	fight
HJE	VVG	thinking	tempt	think
HKS	VVG	accepting	bully	accept
HKS	VVG	accepting	cajole	accept
HKU	VVG	rescinding	pressurise	rescind
HKV	VVG	making	coerce	make
HKV	VVG	taking	pressure	take
HKV	VVG	appearing	trick	appear
HKV	NN1-VVG	helping	coerce	help
HKW	VVG	bringing	pressurise	bring
HKW	VVG	hastening	pressurise	hasten
HKW	VVG	reversing	castigate	reverse
HKW	VVG	reversing	cajole	reverse
HKY	VVG	invading	mislead	invade
HKY	VVG	using	provoke	use
HL0	VDG	doing	blackmail	do
HL2	VVG	accepting	force	accept
HL2	VVG	voting	intimidate	vote
HL2	VVG	vetoing	push	veto
HL3	VVG	making	coerce	make
HL3	VVG	launching	provoke	launch
HL4	AJ0-VVG	granting	pressurise	grant
HL5	VVG	accepting	press	accept
HL6	VVG	conceding	force	concede
HL7	VVG	agreeing	sway	agree
HL9	AJ0-VVG	channelling	blackmail	channel
HLB	VVG	lending	coerce	lend
HLD	AJ0-VVG	imposing	provoke	impose
HLD	VVG	believing	mislead	believe
HLG	NN1-VVG	signing	coerce	sign
HLH	VVG	believing	mislead	believe
HLH	VVG	preventing	spur	prevent
HLH	VVG	surrendering	coerce	surrender
HLK	VVG	breaking	galvanise	break
HLL	VVG	calling	provoke	call
HLN	VVG	ending	galvanise	end
HLN	VVG	fleeing	terrorise	flee
HLR	AJ0-VVG	halting	pressurise	halt
HLR	VDG	doing	pressurise	do
HLU	VVG	working	con	work
HLW	NN1-VVG	building	prompt	build
HLW	VVG	believing	mislead	believe
HNJ	VVG	letting	wheedle	let
HNJ	VHG	having	talk	have
HNV	AJ0-VVG	expressing	lead	express
HNW	AJ0-VVG	producing	lead	produce
HNY	VVG	sharing	hypnotise	share
HNY	VVG	telling	trick	tell
HP0	VVG	changing	mock	change
HP0	NN1-VVG	making	lure	make
HP2	VVG	making	galvanise	make
HP6	VDG	doing	force	do
HPD	VVG	analysing	prompt	analyse
HPG	VVG	making	force	make
HPV	NN1-VVG	resigning	pressure	resign
HPV	AJ0-VVG	joining	provoke	join
HR2	VVG	believing	fool	believe
HR7	NN1-VVG	bedding	rush	bed
HR7	VVG	realizing	talk	realize
HR8	VVG	making	trap	make
HR8	VVG	making	provoke	make
HRA	VVG	telling	trick	tell
HRF	VVG	asking	goad	ask
HRF	VVG	thinking	fool	think
HRH	NN1-VVG	feeling	lead	feel
HRJ	VVG	issuing	provoke	issue
HRP	VVG	trying	stagemanage	try
HSF	NN1-VVG	bidding	tempt	bid
HSF	VVG	spending	embarrass	spend
HSF	VVG	working	rope	work
HSJ	VVG	lending	blackmail	lend
HSL	VVG	believing	flatter	believe
HSL	VVG	becoming	deceive	become
HSL	VVG	moving	persuade	move
HSL	VVG	proving	torture	prove
HSL	VVG	saying	push	say
HSL	VVG	making	pressurise	make
HSL	VVG	thinking	seduce	think
HTF	AJ0-VVG	maximizing	manipulate	maximise
HTF	VVG	subsuming	integrate	subsume
HTG	VVG	getting	galvanise	get
HTJ	VVG	handing	prod	hand
HTK	VVG	making	initiate	make
HTT	VVG	authorizing	bully	authorise
HTT	VVG	offering	bully	offer
HTU	VVG	working	trick	work
HTW	VVG	working	pressure	work
HUB	VVG	accepting	fool	accept
HUN	VVG	getting	bully	get
HUV	VVG	thinking	brainwash	think
HV9	VVG	thinking	fool	think
HW8	VVG	thinking	con	think
HW8	VBG	being	stun	be
HWE	VVG	believing	hoodwink	believe
HWH	VVG	thinking	fool	think
HWK	VVG	seizing	panick	seize
HWM	VVG	believing	delude	believe
HWW	VVG	compromising	manipulate	compromise
HX9	VVG	following	mislead	follow
HX9	VVG	taking	mislead	take
HX9	VVG	taking	mislead	take
HXC	VVG	rescinding	pressure	rescind
HXD	VVG	buying	deceive	buy
HXE	VVG	handing	deceive	hand
HXE	VVG	charging	deceive	charge
HXE	VVG	acting	deceive	act
HXE	VVG	believing	mislead	believe
HXE	VVG	thinking	deceive	think
HXE	VVG	giving	deceive	give
HXE	VVG	writing	deceive	write
HXE	VVG	moving	deceive	move
HXE	VVG	claiming	deceive	claim
HXE	VVG	accepting	deceive	accept
HXS	VVG	providing	delude	provide
HXS	VVG	providing	con	provide
HXS	VVG	supposing	manipulate	suppose
HXS	VVG	kissing	trick	kiss
HXT	VVG	providing	force	provide
HXT	VVG	nursing	tap	nurse
HXU	VVG	merging	coerce	merge
HXU	VVG	accepting	force	accept
HY0	VVG	taking	hoodwink	take
HY0	VVG	giving	trick	give
HY0	VVG	handing	trick	hand
HY0	VVG	disbanding	trick	disband
HY6	VVG	marrying	trick	marry
HY7	VDG	doing	provoke	do
HY9	VVG	voting	coerce	vote
HY9	VVG	forming	rally	form
HYA	VVG	clarifying	provoke	clarify
HYA	VVG	thinking	lull	think
HYA	VVG	thinking	stimulate	think
HYB	VVG	relating	energise	relate
J0S	VVG	saying	annoy	say
J0U	AJ0-VVG	underanticipating	deceive	underanticipate
J0U	VVG	thinking	delude	think
J0U	VVG	formulating	inveigle	formulate
J0V	VVG	believing	trick	believe
J15	VVG	refusing	force	refuse
J15	VVG	borrowing	force	borrow
J17	VVG	discovering	manoeuvre	discover
J17	VVG	rejecting	manoeuvre	reject
J18	VVG	occupying	force	occupy
J19	VVG	circulating	co-opt	circulate
J19	VVG	finishing	talk_down	finish
J19	VVG	losing	force	lose
J1F	VVG	thinking	dupe	think
J1J	NN1-VVG	scoring	scare	score
J1M	VVG	accepting	blackmail	accept
J2B	NN1-VVG	teaching	hijack	teach
J2B	VVG	fundraising	fling	fundraise
J2N	VVG	thinking	dupe	think
J3F	VVG	suppressing	lead	suppress
J3S	VBG	being	catapult	be
J53	AJ0-VVG	defining	force	define
J57	VVG	accepting	socialise	accept
J6P	VVG	believing	deceive	believe
J6R	VVG	believing	mislead	believe
J7E	VVG	making	coerce	make
J7L	VVG	performing	direct	perform
J9L	VVG	participating	compel	participate
J9V	VVG	accepting	browbeat	accept
JJH	VVG	behaving	socialise	behave
JJL	VVG	radicalizing	force	radicalize
JNT	VDG	doing	prompt	do
JNT	VDG	doing	prompt	do
JP0	VVG	going	con	go
JSF	VVG	believing	hoodwink	believe
JSH	VVG	believing	mislead	believe
JSY	VVG	saying	tempt	say
JXT	VVG	employing	trick	employ
JXT	VVG	employing	trick	employ
JXT	VVG	acting	talk	act
JXU	VVG	releasing	talk	release
JXU	VVG	giving	talk	give
JXU	VVG	believing	fool	believe
JXU	AJ0-VVG	thinking	lull	think
JXV	VVG	letting	goad	let
JXV	VVG	staying	frighten	stay
JXV	VDG	doing	press-gang	do
JXV	VVG	telling	scare	tell
JXV	VVG	giving	force	give
JXV	NN1-VVG	standing	frighten	stand
JXV	NN1-VVG	saying	bully	say
JXW	VVG	thinking	fool	think
JXX	AJ0-VVG	quivering	seduce	quiver
JXX	VVG	playing	force	play
JXY	VVG	going	manipulate	go
JXY	VVG	picking	manipulate	pick
JY0	VDG	doing	talk	do
JY0	NN1-VVG	co-operating	charm	co-operate
JY0	NN1-VVG	helping	thrust	help
JY2	VVG	using	trap	use
JY4	VVG	believing	seduce	believe
JY5	VVG	probing	force	probe
JY6	VVG	sharing	lure	share
JY6	VDG	doing	talk	do
JY7	VDG	doing	talk	do
JY7	VVG	seeing	delude	see
JY7	AJ0-VVG	coming	talk	come
JY8	VVG	betraying	hound	betray
JY8	VVG	thinking	sweet-talk	think
JY8	VVG	saying	pressure	say
JY8	VVG	saying	bully	say
JY9	VVG	selling	cajole	sell
JY9	VVG	making	jolt	make
JY9	VVG	believing	manipulate	believe
JY9	AJ0-VVG	panting	wow	pant
JYA	VVG	working	manipulate	work
JYA	VVG	thinking	con	think
JYA	VVG	making	dupe	make
JYA	VVG	opening	dupe	open
JYA	VVG	going	dupe	go
JYA	NN1-VVG	feeling	bewitch	feel
JYC	VVG	taking	bully	take
JYC	VVG	resuming	startle	resume
JYF	VVG	making	talk	make
JYF	VVG	volunteering	provoke	volunteer
K1B	VVG	believing	cheat	believe
K1C	VVG	flying	frighten	fly
K1E	VVG	lying	fool	lie
K1F	VVG	jumping	frighten	jump
K1H	VVG	thinking	fool	think
K1J	NN1-VVG	holding	trick	hold
K1K	AJ0-VVG	improving	shame	improve
K1N	VVG	hiding	force	hide
K1P	VVG	approving	talk	approve
K1R	VVG	going	trick	go
K1R	VVG	staying	panick	stay
K1R	VVG	treating	pressure	treat
K1U	VVG	believing	con	believe
K1U	VVG	believing	con	believe
K1U	VVG	adhereing	bully	adhere
K1V	VVG	thinking	fool	think
K1V	NN1-VVG	smoking	push	smoke
K1Y	VVG	moving	intimidate	move
K23	VVG	entering	provoke	enter
K23	VVG	going	trick	go
K24	VVG	stopping	trick	stop
K2F	VVG	writing	spur	write
K2T	NN1-VVG	selling	panick	sell
K2W	AJ0-VVG	becoming	scare	become
K35	VVG	handing	trick	hand
K35	VVG	giving	dupe	give
K35	VVG	working	pressurise	work
K47	VVG	handing	frighten	hand
K48	VVG	thinking	mislead	think
K4M	VVG	giving	scare	give
K4M	VVG	giving	coerce	give
K4M	VVG	giving	con	give
K4S	VVG	taking	batter	take
K4T	NN1-VVG	edging	force	edge
K4T	VVG	throwing	force	throw
K4T	VVG	thinking	con	think
K4T	VVG	losing	bribe	lose
K4V	VVG	thinking	fool	think
K4V	VVG	ordering	force	order
K4W	NN1-VVG	engineering	get	engineer
K4W	VVG	taking	encourage	take
K4W	VVG	accepting	pressurise	accept
K52	VVG	installing	hurry	install
K52	NN1-VVG	buying	prod	buy
K54	VVG	believing	fool	believe
K54	VVG	ensuring	badger	ensure
K55	VVG	voting	fool	vote
K57	NN1-VVG	recording	coax	record
K59	VVG	ending	terrorise	end
K59	AJ0-VVG	accepting	terrorise	accept
K5C	VVG	spending	force	spend
K5C	AJ0-VVG	accepting	frighten	accept
K5C	AJ0-VVG	letting	blackmail	let
K5C	NN1-VVG	accepting	press	accept
K5D	VVG	working	bully	work
K5D	VVG	covering	fool	cover
K5D	VVG	declaring	push	declare
K5D	VVG	making	push	make
K5D	VVG	stripping	provoke	strip
K5D	VVG	believing	trick	believe
K5D	VVG	deleting	press	delete
K5D	VVG	going	deceive	go
K5D	AJ0-VVG	supporting	force	support
K5D	NN1-VVG	speculating	draw	speculate
K5D	NN1	backing	pressurise	back
K5F	VVG	bowing	beam	bow
K5H	VVG	thinking	deceive	think
K5J	VVG	taking	con	take
K5L	VVG	believing	delude	believe
K5L	VVG	seeing	sway	see
K5M	VVG	joining	delude	join
K5M	VVG	admitting	coerce	admit
K5M	VVG	confessing	torture	confess
K5M	VVG	voting	trick	vote
K5M	VVG	giving	threaten	give
K5M	VVG	giving	threaten	give
K5M	VVG	adjourning	talk	adjourn
K62	VVG	working	draw	work
K6A	VVG	discussing	draw	discuss
K6F	VVG	believing	mislead	believe
K75	VDG	doing	sidetrack	do
K8R	AJ0-VVG	coming	inveigle	come
K8R	AJ0-VVG	coming	trick	come
K8S	VVG	giving	seduce	give
K8X	VVG	making	press	make
K94	VVG	believing	mislead	believe
K96	VVG	accepting	pressure	accept
K96	VVG	believing	mislead	believe
K96	VVG	thinking	bluff	think
K96	AJ0-VVG	paying	lock	pay
K97	NN1-VVG	parting	trick	part
K97	AJ0-VVG	signing	beat	sign
K97	VVG	selling	talk	sell
K97	VVG	using	educate	use
K97	VVG	thinking	mislead	think
K97	VVG	trying	talk	try
K97	VVG	revealing	torture	reveal
K97	VVG	running	shock	run
KA1	AJ0-VVG	allowing	trick	allow
KA1	VVG	stealing	frighten	steal
KA1	VVG	seeing	manipulate	see
KA1	VVG	seeing	sway	see
KA1	VVG	thinking	persuade	think
KA8	VVG	jumping	bamboozle	jump
KAB	VVG	becoming	cajole	become
KAC	VVG	putting	inveigle	put
KAJ	NN1-VVG	performing	inveigle	perform
KB0	VHG	having	trick	have
KB0	VVG	believing	trick	believe
KBF	VVG	going	talk	go
KBX	AJ0-VVG	believing	trick	believe
KC0	VDG	doing	talk	do
KC5	VVG	going	con	go
KCU	NN1-VVG	misbehaving	seduce	misbehave
KCU	NN1-VVG	misbehaving	seduce	misbehave
KCX	VVG	posting	con	post
KCX	VVG	posting	con	post
KD3	VVG	going	make	go
KDA	VBG	being	co-hearse	be
KDM	VVG	selling	coerce	sell
KDW	NN1-VVG	signing	force	sign
KGN	VHG	having	lead	have
KGP	VBG	being	push	be
KLS	NN1-VVG	volunteering	con	volunteer
KLY	VVG	providing	pressurise	provide
KN6	VVG	accepting	challenge	accept
KPU	VVG	lying	force	lie
KPV	VDG	doing	bludgeon	do
KRF	VVG	making	precipitate	make
KRK	VVG	voting	con	vote
KRL	VHG	having	force	have
KRL	VVG	believing	mislead	believe
KRL	VVG	looking	draw	look
KRL	VVG	behaving	force	behave
KRL	VDG	doing	force	do
KRL	VVG	producing	push	produce
KRM	VVG	saying	deceive	say
KRP	VVG	using	lead	use
KRP	VVG	giving	pressurise	give
KRT	VVG	opening	trick	open
KS2	NN1-VVG	liking	jolly	like
KS6	VVG	thinking	force	think
C90	AJ0-VVG	requesting	inspire	request
