CASE	VARIETY	MODE	TRY	CLAUSE
1	amer	spk	and	other
2	amer	spk	and	other
3	amer	spk	and	other
4	amer	spk	and	other
5	amer	spk	and	other
6	amer	spk	and	other
7	amer	spk	and	other
8	amer	spk	and	other
9	amer	spk	and	other
10	amer	spk	and	other
11	amer	spk	and	other
12	amer	spk	and	other
13	amer	spk	and	other
14	amer	spk	and	other
15	amer	spk	and	other
16	amer	spk	and	other
17	amer	spk	and	other
18	amer	spk	and	other
19	amer	spk	and	other
20	amer	spk	and	other
21	amer	spk	and	other
22	amer	spk	and	other
23	amer	spk	and	other
24	amer	spk	and	other
25	amer	spk	and	other
26	amer	spk	and	other
27	amer	spk	and	other
28	amer	spk	and	other
29	amer	spk	and	other
30	amer	spk	and	other
31	amer	spk	and	other
32	amer	spk	and	other
33	amer	spk	and	other
34	amer	spk	and	other
35	amer	spk	and	other
36	amer	spk	and	other
37	amer	spk	and	other
38	amer	spk	and	other
39	amer	spk	and	other
40	amer	spk	and	other
41	amer	spk	and	other
42	amer	spk	and	other
43	amer	spk	and	other
44	amer	spk	and	other
45	amer	spk	and	other
46	amer	spk	and	other
47	amer	spk	and	other
48	amer	spk	and	other
49	amer	spk	and	other
50	amer	spk	and	other
51	amer	spk	and	other
52	amer	spk	and	other
53	amer	spk	and	other
54	amer	spk	and	other
55	amer	spk	and	other
56	amer	spk	and	other
57	amer	spk	and	other
58	amer	spk	and	other
59	amer	spk	and	other
60	amer	spk	and	other
61	amer	spk	and	other
62	amer	spk	and	other
63	amer	spk	and	other
64	amer	spk	and	other
65	amer	spk	and	other
66	amer	spk	and	other
67	amer	spk	and	other
68	amer	spk	and	other
69	amer	spk	and	other
70	amer	spk	and	other
71	amer	spk	and	other
72	amer	spk	and	other
73	amer	spk	and	other
74	amer	spk	and	other
75	amer	spk	and	other
76	amer	spk	and	other
77	amer	spk	and	other
78	amer	spk	and	other
79	amer	spk	and	other
80	amer	spk	and	other
81	amer	spk	and	other
82	amer	spk	and	other
83	amer	spk	and	other
84	amer	spk	and	other
85	amer	spk	and	other
86	amer	spk	and	other
87	amer	spk	and	other
88	amer	spk	and	other
89	amer	spk	and	other
90	amer	spk	and	other
91	amer	spk	and	other
92	amer	spk	and	other
93	amer	spk	and	other
94	amer	spk	and	other
95	amer	spk	and	other
96	amer	spk	and	other
97	amer	spk	and	other
98	amer	spk	and	other
99	amer	spk	and	other
100	amer	spk	and	other
101	amer	spk	and	other
102	amer	spk	and	other
103	amer	spk	and	other
104	amer	spk	and	other
105	amer	spk	and	other
106	amer	spk	and	other
107	amer	spk	and	other
108	amer	spk	and	other
109	amer	spk	and	other
110	amer	spk	and	other
111	amer	spk	and	other
112	amer	spk	and	other
113	amer	spk	and	other
114	amer	spk	and	other
115	amer	spk	and	other
116	amer	spk	and	other
117	amer	spk	and	other
118	amer	spk	and	other
119	amer	spk	and	other
120	amer	spk	and	other
121	amer	spk	and	to
122	amer	spk	and	to
123	amer	spk	and	to
124	amer	spk	and	to
125	amer	spk	and	to
126	amer	spk	and	to
127	amer	spk	and	to
128	amer	spk	and	to
129	amer	spk	and	to
130	amer	spk	and	to
131	amer	spk	and	to
132	amer	spk	and	to
133	amer	spk	and	to
134	amer	spk	and	to
135	amer	spk	and	to
136	amer	spk	and	to
137	amer	spk	and	to
138	amer	spk	and	to
139	amer	spk	and	to
140	amer	spk	and	to
141	amer	spk	and	to
142	amer	spk	and	to
143	amer	spk	and	to
144	amer	spk	and	to
145	amer	spk	and	to
146	amer	spk	and	to
147	amer	spk	and	to
148	amer	spk	and	to
149	amer	spk	and	to
150	amer	spk	and	to
151	amer	spk	and	to
152	amer	spk	and	to
153	amer	spk	and	to
154	amer	spk	and	to
155	amer	spk	and	to
156	amer	spk	and	to
157	amer	spk	and	to
158	amer	spk	and	to
159	amer	spk	and	to
160	amer	spk	and	to
161	amer	spk	and	to
162	amer	spk	and	to
163	amer	spk	and	to
164	amer	spk	and	to
165	amer	spk	and	to
166	amer	spk	and	to
167	amer	spk	and	to
168	amer	spk	and	to
169	amer	spk	and	to
170	amer	spk	and	to
171	amer	spk	and	to
172	amer	spk	and	to
173	amer	spk	and	to
174	amer	spk	and	to
175	amer	spk	and	to
176	amer	spk	and	to
177	amer	spk	and	to
178	amer	spk	and	to
179	amer	spk	and	to
180	amer	spk	and	to
181	amer	spk	and	to
182	amer	spk	and	to
183	amer	spk	and	to
184	amer	spk	and	to
185	amer	spk	and	to
186	amer	spk	and	to
187	amer	spk	and	to
188	amer	spk	and	to
189	amer	spk	and	to
190	amer	spk	and	to
191	amer	spk	and	to
192	amer	spk	and	to
193	amer	spk	and	to
194	amer	spk	and	to
195	amer	spk	and	to
196	amer	spk	and	to
197	amer	spk	and	to
198	amer	spk	and	to
199	amer	spk	and	to
200	amer	spk	and	to
201	amer	spk	and	to
202	amer	spk	and	to
203	amer	spk	and	to
204	amer	spk	and	to
205	amer	spk	and	to
206	amer	spk	and	to
207	amer	spk	and	to
208	amer	spk	and	to
209	amer	spk	and	to
210	amer	spk	and	to
211	amer	spk	to	other
212	amer	spk	to	other
213	amer	spk	to	other
214	amer	spk	to	other
215	amer	spk	to	other
216	amer	spk	to	other
217	amer	spk	to	other
218	amer	spk	to	other
219	amer	spk	to	other
220	amer	spk	to	other
221	amer	spk	to	other
222	amer	spk	to	other
223	amer	spk	to	other
224	amer	spk	to	other
225	amer	spk	to	other
226	amer	spk	to	other
227	amer	spk	to	other
228	amer	spk	to	other
229	amer	spk	to	other
230	amer	spk	to	other
231	amer	spk	to	other
232	amer	spk	to	other
233	amer	spk	to	other
234	amer	spk	to	other
235	amer	spk	to	other
236	amer	spk	to	other
237	amer	spk	to	other
238	amer	spk	to	other
239	amer	spk	to	other
240	amer	spk	to	other
241	amer	spk	to	other
242	amer	spk	to	other
243	amer	spk	to	other
244	amer	spk	to	other
245	amer	spk	to	other
246	amer	spk	to	other
247	amer	spk	to	other
248	amer	spk	to	other
249	amer	spk	to	other
250	amer	spk	to	other
251	amer	spk	to	other
252	amer	spk	to	other
253	amer	spk	to	other
254	amer	spk	to	other
255	amer	spk	to	other
256	amer	spk	to	other
257	amer	spk	to	other
258	amer	spk	to	other
259	amer	spk	to	other
260	amer	spk	to	other
261	amer	spk	to	other
262	amer	spk	to	other
263	amer	spk	to	other
264	amer	spk	to	other
265	amer	spk	to	other
266	amer	spk	to	other
267	amer	spk	to	other
268	amer	spk	to	other
269	amer	spk	to	other
270	amer	spk	to	other
271	amer	spk	to	other
272	amer	spk	to	other
273	amer	spk	to	other
274	amer	spk	to	other
275	amer	spk	to	other
276	amer	spk	to	other
277	amer	spk	to	other
278	amer	spk	to	other
279	amer	spk	to	other
280	amer	spk	to	other
281	amer	spk	to	other
282	amer	spk	to	other
283	amer	spk	to	other
284	amer	spk	to	other
285	amer	spk	to	other
286	amer	spk	to	other
287	amer	spk	to	other
288	amer	spk	to	other
289	amer	spk	to	other
290	amer	spk	to	other
291	amer	spk	to	other
292	amer	spk	to	other
293	amer	spk	to	other
294	amer	spk	to	other
295	amer	spk	to	other
296	amer	spk	to	other
297	amer	spk	to	other
298	amer	spk	to	other
299	amer	spk	to	other
300	amer	spk	to	other
301	amer	spk	to	other
302	amer	spk	to	other
303	amer	spk	to	other
304	amer	spk	to	other
305	amer	spk	to	other
306	amer	spk	to	other
307	amer	spk	to	other
308	amer	spk	to	other
309	amer	spk	to	other
310	amer	spk	to	other
311	amer	spk	to	other
312	amer	spk	to	other
313	amer	spk	to	other
314	amer	spk	to	other
315	amer	spk	to	other
316	amer	spk	to	other
317	amer	spk	to	other
318	amer	spk	to	other
319	amer	spk	to	other
320	amer	spk	to	other
321	amer	spk	to	other
322	amer	spk	to	other
323	amer	spk	to	other
324	amer	spk	to	other
325	amer	spk	to	other
326	amer	spk	to	other
327	amer	spk	to	other
328	amer	spk	to	other
329	amer	spk	to	other
330	amer	spk	to	other
331	amer	spk	to	other
332	amer	spk	to	other
333	amer	spk	to	other
334	amer	spk	to	other
335	amer	spk	to	other
336	amer	spk	to	other
337	amer	spk	to	other
338	amer	spk	to	other
339	amer	spk	to	other
340	amer	spk	to	other
341	amer	spk	to	other
342	amer	spk	to	other
343	amer	spk	to	other
344	amer	spk	to	other
345	amer	spk	to	other
346	amer	spk	to	other
347	amer	spk	to	other
348	amer	spk	to	other
349	amer	spk	to	other
350	amer	spk	to	other
351	amer	spk	to	other
352	amer	spk	to	other
353	amer	spk	to	other
354	amer	spk	to	other
355	amer	spk	to	other
356	amer	spk	to	other
357	amer	spk	to	other
358	amer	spk	to	other
359	amer	spk	to	other
360	amer	spk	to	other
361	amer	spk	to	other
362	amer	spk	to	other
363	amer	spk	to	other
364	amer	spk	to	other
365	amer	spk	to	other
366	amer	spk	to	other
367	amer	spk	to	other
368	amer	spk	to	other
369	amer	spk	to	other
370	amer	spk	to	other
371	amer	spk	to	other
372	amer	spk	to	other
373	amer	spk	to	other
374	amer	spk	to	other
375	amer	spk	to	other
376	amer	spk	to	other
377	amer	spk	to	other
378	amer	spk	to	other
379	amer	spk	to	other
380	amer	spk	to	other
381	amer	spk	to	other
382	amer	spk	to	other
383	amer	spk	to	other
384	amer	spk	to	other
385	amer	spk	to	other
386	amer	spk	to	other
387	amer	spk	to	other
388	amer	spk	to	other
389	amer	spk	to	other
390	amer	spk	to	other
391	amer	spk	to	other
392	amer	spk	to	other
393	amer	spk	to	other
394	amer	spk	to	other
395	amer	spk	to	other
396	amer	spk	to	other
397	amer	spk	to	other
398	amer	spk	to	other
399	amer	spk	to	other
400	amer	spk	to	other
401	amer	spk	to	other
402	amer	spk	to	other
403	amer	spk	to	other
404	amer	spk	to	other
405	amer	spk	to	other
406	amer	spk	to	other
407	amer	spk	to	other
408	amer	spk	to	other
409	amer	spk	to	other
410	amer	spk	to	other
411	amer	spk	to	other
412	amer	spk	to	other
413	amer	spk	to	other
414	amer	spk	to	other
415	amer	spk	to	other
416	amer	spk	to	other
417	amer	spk	to	other
418	amer	spk	to	other
419	amer	spk	to	other
420	amer	spk	to	other
421	amer	spk	to	other
422	amer	spk	to	other
423	amer	spk	to	other
424	amer	spk	to	other
425	amer	spk	to	other
426	amer	spk	to	other
427	amer	spk	to	other
428	amer	spk	to	other
429	amer	spk	to	other
430	amer	spk	to	other
431	amer	spk	to	other
432	amer	spk	to	other
433	amer	spk	to	other
434	amer	spk	to	other
435	amer	spk	to	other
436	amer	spk	to	other
437	amer	spk	to	other
438	amer	spk	to	other
439	amer	spk	to	other
440	amer	spk	to	other
441	amer	spk	to	other
442	amer	spk	to	other
443	amer	spk	to	other
444	amer	spk	to	other
445	amer	spk	to	other
446	amer	spk	to	other
447	amer	spk	to	other
448	amer	spk	to	other
449	amer	spk	to	other
450	amer	spk	to	other
451	amer	spk	to	other
452	amer	spk	to	other
453	amer	spk	to	other
454	amer	spk	to	other
455	amer	spk	to	other
456	amer	spk	to	other
457	amer	spk	to	other
458	amer	spk	to	other
459	amer	spk	to	other
460	amer	spk	to	other
461	amer	spk	to	other
462	amer	spk	to	other
463	amer	spk	to	other
464	amer	spk	to	other
465	amer	spk	to	other
466	amer	spk	to	other
467	amer	spk	to	other
468	amer	spk	to	other
469	amer	spk	to	other
470	amer	spk	to	other
471	amer	spk	to	other
472	amer	spk	to	other
473	amer	spk	to	other
474	amer	spk	to	other
475	amer	spk	to	other
476	amer	spk	to	other
477	amer	spk	to	other
478	amer	spk	to	other
479	amer	spk	to	other
480	amer	spk	to	other
481	amer	spk	to	other
482	amer	spk	to	other
483	amer	spk	to	other
484	amer	spk	to	other
485	amer	spk	to	other
486	amer	spk	to	other
487	amer	spk	to	other
488	amer	spk	to	other
489	amer	spk	to	other
490	amer	spk	to	other
491	amer	spk	to	other
492	amer	spk	to	other
493	amer	spk	to	other
494	amer	spk	to	other
495	amer	spk	to	other
496	amer	spk	to	other
497	amer	spk	to	other
498	amer	spk	to	other
499	amer	spk	to	other
500	amer	spk	to	other
501	amer	spk	to	other
502	amer	spk	to	other
503	amer	spk	to	other
504	amer	spk	to	other
505	amer	spk	to	other
506	amer	spk	to	other
507	amer	spk	to	other
508	amer	spk	to	other
509	amer	spk	to	other
510	amer	spk	to	other
511	amer	spk	to	other
512	amer	spk	to	other
513	amer	spk	to	other
514	amer	spk	to	other
515	amer	spk	to	other
516	amer	spk	to	other
517	amer	spk	to	other
518	amer	spk	to	other
519	amer	spk	to	other
520	amer	spk	to	other
521	amer	spk	to	other
522	amer	spk	to	other
523	amer	spk	to	other
524	amer	spk	to	other
525	amer	spk	to	other
526	amer	spk	to	other
527	amer	spk	to	other
528	amer	spk	to	other
529	amer	spk	to	other
530	amer	spk	to	other
531	amer	spk	to	other
532	amer	spk	to	other
533	amer	spk	to	other
534	amer	spk	to	other
535	amer	spk	to	other
536	amer	spk	to	other
537	amer	spk	to	other
538	amer	spk	to	other
539	amer	spk	to	other
540	amer	spk	to	other
541	amer	spk	to	other
542	amer	spk	to	other
543	amer	spk	to	other
544	amer	spk	to	other
545	amer	spk	to	other
546	amer	spk	to	other
547	amer	spk	to	other
548	amer	spk	to	other
549	amer	spk	to	other
550	amer	spk	to	other
551	amer	spk	to	other
552	amer	spk	to	other
553	amer	spk	to	other
554	amer	spk	to	other
555	amer	spk	to	other
556	amer	spk	to	other
557	amer	spk	to	other
558	amer	spk	to	other
559	amer	spk	to	other
560	amer	spk	to	other
561	amer	spk	to	other
562	amer	spk	to	other
563	amer	spk	to	other
564	amer	spk	to	other
565	amer	spk	to	other
566	amer	spk	to	other
567	amer	spk	to	other
568	amer	spk	to	other
569	amer	spk	to	other
570	amer	spk	to	other
571	amer	spk	to	other
572	amer	spk	to	other
573	amer	spk	to	other
574	amer	spk	to	other
575	amer	spk	to	other
576	amer	spk	to	other
577	amer	spk	to	other
578	amer	spk	to	other
579	amer	spk	to	other
580	amer	spk	to	other
581	amer	spk	to	other
582	amer	spk	to	other
583	amer	spk	to	other
584	amer	spk	to	other
585	amer	spk	to	other
586	amer	spk	to	other
587	amer	spk	to	other
588	amer	spk	to	other
589	amer	spk	to	other
590	amer	spk	to	other
591	amer	spk	to	other
592	amer	spk	to	to
593	amer	spk	to	to
594	amer	spk	to	to
595	amer	spk	to	to
596	amer	spk	to	to
597	amer	spk	to	to
598	amer	spk	to	to
599	amer	spk	to	to
600	amer	spk	to	to
601	amer	spk	to	to
602	amer	spk	to	to
603	amer	spk	to	to
604	amer	spk	to	to
605	amer	spk	to	to
606	amer	spk	to	to
607	amer	spk	to	to
608	amer	spk	to	to
609	amer	spk	to	to
610	amer	spk	to	to
611	amer	spk	to	to
612	amer	spk	to	to
613	amer	spk	to	to
614	amer	spk	to	to
615	amer	spk	to	to
616	amer	spk	to	to
617	amer	spk	to	to
618	amer	spk	to	to
619	amer	spk	to	to
620	amer	spk	to	to
621	amer	spk	to	to
622	amer	spk	to	to
623	amer	spk	to	to
624	amer	spk	to	to
625	amer	spk	to	to
626	amer	spk	to	to
627	amer	spk	to	to
628	amer	spk	to	to
629	amer	spk	to	to
630	amer	spk	to	to
631	amer	spk	to	to
632	amer	spk	to	to
633	amer	spk	to	to
634	amer	spk	to	to
635	amer	spk	to	to
636	amer	spk	to	to
637	amer	spk	to	to
638	amer	spk	to	to
639	amer	spk	to	to
640	amer	spk	to	to
641	amer	spk	to	to
642	amer	spk	to	to
643	amer	spk	to	to
644	amer	spk	to	to
645	amer	spk	to	to
646	amer	spk	to	to
647	amer	spk	to	to
648	amer	spk	to	to
649	amer	spk	to	to
650	amer	spk	to	to
651	amer	spk	to	to
652	amer	spk	to	to
653	amer	spk	to	to
654	amer	spk	to	to
655	amer	spk	to	to
656	amer	spk	to	to
657	amer	spk	to	to
658	amer	spk	to	to
659	amer	spk	to	to
660	amer	spk	to	to
661	amer	spk	to	to
662	amer	spk	to	to
663	amer	spk	to	to
664	amer	spk	to	to
665	amer	spk	to	to
666	amer	spk	to	to
667	amer	spk	to	to
668	amer	spk	to	to
669	amer	spk	to	to
670	amer	spk	to	to
671	amer	spk	to	to
672	amer	spk	to	to
673	amer	spk	to	to
674	amer	spk	to	to
675	amer	spk	to	to
676	amer	spk	to	to
677	amer	spk	to	to
678	amer	spk	to	to
679	amer	spk	to	to
680	amer	spk	to	to
681	amer	spk	to	to
682	amer	spk	to	to
683	amer	spk	to	to
684	amer	spk	to	to
685	amer	spk	to	to
686	amer	spk	to	to
687	amer	spk	to	to
688	amer	spk	to	to
689	amer	spk	to	to
690	amer	spk	to	to
691	amer	spk	to	to
692	amer	spk	to	to
693	amer	spk	to	to
694	amer	spk	to	to
695	amer	spk	to	to
696	amer	spk	to	to
697	amer	spk	to	to
698	amer	spk	to	to
699	amer	spk	to	to
700	amer	spk	to	to
701	amer	spk	to	to
702	amer	spk	to	to
703	amer	spk	to	to
704	amer	spk	to	to
705	amer	spk	to	to
706	amer	spk	to	to
707	amer	spk	to	to
708	amer	spk	to	to
709	amer	spk	to	to
710	amer	spk	to	to
711	amer	spk	to	to
712	amer	spk	to	to
713	amer	spk	to	to
714	amer	spk	to	to
715	amer	spk	to	to
716	amer	spk	to	to
717	amer	spk	to	to
718	amer	spk	to	to
719	amer	spk	to	to
720	amer	spk	to	to
721	amer	spk	to	to
722	amer	spk	to	to
723	amer	spk	to	to
724	amer	spk	to	to
725	amer	spk	to	to
726	amer	spk	to	to
727	amer	spk	to	to
728	amer	spk	to	to
729	amer	spk	to	to
730	amer	spk	to	to
731	amer	spk	to	to
732	amer	spk	to	to
733	amer	spk	to	to
734	amer	spk	to	to
735	amer	spk	to	to
736	amer	spk	to	to
737	amer	spk	to	to
738	amer	spk	to	to
739	amer	spk	to	to
740	amer	spk	to	to
741	amer	spk	to	to
742	amer	spk	to	to
743	amer	spk	to	to
744	amer	spk	to	to
745	amer	spk	to	to
746	amer	spk	to	to
747	amer	spk	to	to
748	amer	spk	to	to
749	amer	spk	to	to
750	amer	spk	to	to
751	amer	spk	to	to
752	amer	spk	to	to
753	amer	spk	to	to
754	amer	spk	to	to
755	amer	spk	to	to
756	amer	spk	to	to
757	amer	spk	to	to
758	amer	spk	to	to
759	amer	spk	to	to
760	amer	spk	to	to
761	amer	spk	to	to
762	amer	spk	to	to
763	amer	spk	to	to
764	amer	spk	to	to
765	amer	spk	to	to
766	amer	wrt	and	other
767	amer	wrt	and	other
768	amer	wrt	and	other
769	amer	wrt	and	other
770	amer	wrt	and	other
771	amer	wrt	and	other
772	amer	wrt	and	other
773	amer	wrt	and	other
774	amer	wrt	and	other
775	amer	wrt	and	other
776	amer	wrt	and	to
777	amer	wrt	and	to
778	amer	wrt	and	to
779	amer	wrt	and	to
780	amer	wrt	and	to
781	amer	wrt	and	to
782	amer	wrt	and	to
783	amer	wrt	and	to
784	amer	wrt	and	to
785	amer	wrt	and	to
786	amer	wrt	and	to
787	amer	wrt	and	to
788	amer	wrt	and	to
789	amer	wrt	and	to
790	amer	wrt	and	to
791	amer	wrt	and	to
792	amer	wrt	and	to
793	amer	wrt	and	to
794	amer	wrt	and	to
795	amer	wrt	and	to
796	amer	wrt	and	to
797	amer	wrt	and	to
798	amer	wrt	and	to
799	amer	wrt	and	to
800	amer	wrt	and	to
801	amer	wrt	and	to
802	amer	wrt	to	other
803	amer	wrt	to	other
804	amer	wrt	to	other
805	amer	wrt	to	other
806	amer	wrt	to	other
807	amer	wrt	to	other
808	amer	wrt	to	other
809	amer	wrt	to	other
810	amer	wrt	to	other
811	amer	wrt	to	other
812	amer	wrt	to	other
813	amer	wrt	to	other
814	amer	wrt	to	other
815	amer	wrt	to	other
816	amer	wrt	to	other
817	amer	wrt	to	other
818	amer	wrt	to	other
819	amer	wrt	to	other
820	amer	wrt	to	other
821	amer	wrt	to	other
822	amer	wrt	to	other
823	amer	wrt	to	other
824	amer	wrt	to	other
825	amer	wrt	to	other
826	amer	wrt	to	other
827	amer	wrt	to	other
828	amer	wrt	to	other
829	amer	wrt	to	other
830	amer	wrt	to	other
831	amer	wrt	to	other
832	amer	wrt	to	other
833	amer	wrt	to	other
834	amer	wrt	to	other
835	amer	wrt	to	other
836	amer	wrt	to	other
837	amer	wrt	to	other
838	amer	wrt	to	other
839	amer	wrt	to	other
840	amer	wrt	to	other
841	amer	wrt	to	other
842	amer	wrt	to	other
843	amer	wrt	to	other
844	amer	wrt	to	other
845	amer	wrt	to	other
846	amer	wrt	to	other
847	amer	wrt	to	other
848	amer	wrt	to	other
849	amer	wrt	to	other
850	amer	wrt	to	other
851	amer	wrt	to	other
852	amer	wrt	to	other
853	amer	wrt	to	other
854	amer	wrt	to	other
855	amer	wrt	to	other
856	amer	wrt	to	other
857	amer	wrt	to	other
858	amer	wrt	to	other
859	amer	wrt	to	other
860	amer	wrt	to	other
861	amer	wrt	to	other
862	amer	wrt	to	other
863	amer	wrt	to	other
864	amer	wrt	to	other
865	amer	wrt	to	other
866	amer	wrt	to	other
867	amer	wrt	to	other
868	amer	wrt	to	other
869	amer	wrt	to	other
870	amer	wrt	to	other
871	amer	wrt	to	other
872	amer	wrt	to	other
873	amer	wrt	to	other
874	amer	wrt	to	other
875	amer	wrt	to	other
876	amer	wrt	to	other
877	amer	wrt	to	other
878	amer	wrt	to	other
879	amer	wrt	to	other
880	amer	wrt	to	other
881	amer	wrt	to	other
882	amer	wrt	to	other
883	amer	wrt	to	other
884	amer	wrt	to	other
885	amer	wrt	to	other
886	amer	wrt	to	other
887	amer	wrt	to	other
888	amer	wrt	to	other
889	amer	wrt	to	other
890	amer	wrt	to	other
891	amer	wrt	to	other
892	amer	wrt	to	other
893	amer	wrt	to	other
894	amer	wrt	to	other
895	amer	wrt	to	other
896	amer	wrt	to	other
897	amer	wrt	to	other
898	amer	wrt	to	other
899	amer	wrt	to	other
900	amer	wrt	to	other
901	amer	wrt	to	other
902	amer	wrt	to	other
903	amer	wrt	to	other
904	amer	wrt	to	other
905	amer	wrt	to	other
906	amer	wrt	to	other
907	amer	wrt	to	other
908	amer	wrt	to	other
909	amer	wrt	to	other
910	amer	wrt	to	other
911	amer	wrt	to	other
912	amer	wrt	to	other
913	amer	wrt	to	other
914	amer	wrt	to	other
915	amer	wrt	to	other
916	amer	wrt	to	other
917	amer	wrt	to	other
918	amer	wrt	to	other
919	amer	wrt	to	other
920	amer	wrt	to	other
921	amer	wrt	to	other
922	amer	wrt	to	other
923	amer	wrt	to	other
924	amer	wrt	to	other
925	amer	wrt	to	other
926	amer	wrt	to	other
927	amer	wrt	to	other
928	amer	wrt	to	other
929	amer	wrt	to	other
930	amer	wrt	to	other
931	amer	wrt	to	other
932	amer	wrt	to	other
933	amer	wrt	to	other
934	amer	wrt	to	other
935	amer	wrt	to	other
936	amer	wrt	to	other
937	amer	wrt	to	other
938	amer	wrt	to	other
939	amer	wrt	to	other
940	amer	wrt	to	other
941	amer	wrt	to	other
942	amer	wrt	to	other
943	amer	wrt	to	other
944	amer	wrt	to	other
945	amer	wrt	to	other
946	amer	wrt	to	other
947	amer	wrt	to	other
948	amer	wrt	to	other
949	amer	wrt	to	other
950	amer	wrt	to	other
951	amer	wrt	to	other
952	amer	wrt	to	other
953	amer	wrt	to	other
954	amer	wrt	to	other
955	amer	wrt	to	other
956	amer	wrt	to	other
957	amer	wrt	to	other
958	amer	wrt	to	other
959	amer	wrt	to	other
960	amer	wrt	to	other
961	amer	wrt	to	other
962	amer	wrt	to	other
963	amer	wrt	to	other
964	amer	wrt	to	other
965	amer	wrt	to	other
966	amer	wrt	to	other
967	amer	wrt	to	other
968	amer	wrt	to	other
969	amer	wrt	to	other
970	amer	wrt	to	other
971	amer	wrt	to	other
972	amer	wrt	to	other
973	amer	wrt	to	other
974	amer	wrt	to	other
975	amer	wrt	to	other
976	amer	wrt	to	other
977	amer	wrt	to	other
978	amer	wrt	to	other
979	amer	wrt	to	other
980	amer	wrt	to	other
981	amer	wrt	to	other
982	amer	wrt	to	other
983	amer	wrt	to	other
984	amer	wrt	to	other
985	amer	wrt	to	other
986	amer	wrt	to	other
987	amer	wrt	to	other
988	amer	wrt	to	other
989	amer	wrt	to	other
990	amer	wrt	to	other
991	amer	wrt	to	other
992	amer	wrt	to	other
993	amer	wrt	to	other
994	amer	wrt	to	other
995	amer	wrt	to	other
996	amer	wrt	to	other
997	amer	wrt	to	other
998	amer	wrt	to	other
999	amer	wrt	to	other
1000	amer	wrt	to	other
1001	amer	wrt	to	other
1002	amer	wrt	to	other
1003	amer	wrt	to	other
1004	amer	wrt	to	other
1005	amer	wrt	to	other
1006	amer	wrt	to	other
1007	amer	wrt	to	other
1008	amer	wrt	to	other
1009	amer	wrt	to	other
1010	amer	wrt	to	other
1011	amer	wrt	to	other
1012	amer	wrt	to	other
1013	amer	wrt	to	other
1014	amer	wrt	to	other
1015	amer	wrt	to	other
1016	amer	wrt	to	other
1017	amer	wrt	to	other
1018	amer	wrt	to	other
1019	amer	wrt	to	other
1020	amer	wrt	to	other
1021	amer	wrt	to	to
1022	amer	wrt	to	to
1023	amer	wrt	to	to
1024	amer	wrt	to	to
1025	amer	wrt	to	to
1026	amer	wrt	to	to
1027	amer	wrt	to	to
1028	amer	wrt	to	to
1029	amer	wrt	to	to
1030	amer	wrt	to	to
1031	amer	wrt	to	to
1032	amer	wrt	to	to
1033	amer	wrt	to	to
1034	amer	wrt	to	to
1035	amer	wrt	to	to
1036	amer	wrt	to	to
1037	amer	wrt	to	to
1038	amer	wrt	to	to
1039	amer	wrt	to	to
1040	amer	wrt	to	to
1041	amer	wrt	to	to
1042	amer	wrt	to	to
1043	amer	wrt	to	to
1044	amer	wrt	to	to
1045	amer	wrt	to	to
1046	amer	wrt	to	to
1047	amer	wrt	to	to
1048	amer	wrt	to	to
1049	amer	wrt	to	to
1050	amer	wrt	to	to
1051	amer	wrt	to	to
1052	amer	wrt	to	to
1053	amer	wrt	to	to
1054	amer	wrt	to	to
1055	amer	wrt	to	to
1056	amer	wrt	to	to
1057	amer	wrt	to	to
1058	amer	wrt	to	to
1059	amer	wrt	to	to
1060	amer	wrt	to	to
1061	amer	wrt	to	to
1062	amer	wrt	to	to
1063	amer	wrt	to	to
1064	amer	wrt	to	to
1065	amer	wrt	to	to
1066	amer	wrt	to	to
1067	amer	wrt	to	to
1068	amer	wrt	to	to
1069	amer	wrt	to	to
1070	amer	wrt	to	to
1071	amer	wrt	to	to
1072	amer	wrt	to	to
1073	amer	wrt	to	to
1074	amer	wrt	to	to
1075	amer	wrt	to	to
1076	amer	wrt	to	to
1077	amer	wrt	to	to
1078	amer	wrt	to	to
1079	amer	wrt	to	to
1080	amer	wrt	to	to
1081	amer	wrt	to	to
1082	amer	wrt	to	to
1083	amer	wrt	to	to
1084	amer	wrt	to	to
1085	amer	wrt	to	to
1086	amer	wrt	to	to
1087	amer	wrt	to	to
1088	amer	wrt	to	to
1089	amer	wrt	to	to
1090	amer	wrt	to	to
1091	amer	wrt	to	to
1092	amer	wrt	to	to
1093	amer	wrt	to	to
1094	amer	wrt	to	to
1095	amer	wrt	to	to
1096	amer	wrt	to	to
1097	amer	wrt	to	to
1098	amer	wrt	to	to
1099	amer	wrt	to	to
1100	amer	wrt	to	to
1101	amer	wrt	to	to
1102	amer	wrt	to	to
1103	amer	wrt	to	to
1104	amer	wrt	to	to
1105	amer	wrt	to	to
1106	amer	wrt	to	to
1107	amer	wrt	to	to
1108	amer	wrt	to	to
1109	amer	wrt	to	to
1110	amer	wrt	to	to
1111	amer	wrt	to	to
1112	amer	wrt	to	to
1113	amer	wrt	to	to
1114	amer	wrt	to	to
1115	amer	wrt	to	to
1116	amer	wrt	to	to
1117	amer	wrt	to	to
1118	amer	wrt	to	to
1119	amer	wrt	to	to
1120	amer	wrt	to	to
1121	amer	wrt	to	to
1122	amer	wrt	to	to
1123	amer	wrt	to	to
1124	amer	wrt	to	to
1125	amer	wrt	to	to
1126	amer	wrt	to	to
1127	amer	wrt	to	to
1128	amer	wrt	to	to
1129	amer	wrt	to	to
1130	amer	wrt	to	to
1131	amer	wrt	to	to
1132	amer	wrt	to	to
1133	amer	wrt	to	to
1134	amer	wrt	to	to
1135	amer	wrt	to	to
1136	amer	wrt	to	to
1137	amer	wrt	to	to
1138	amer	wrt	to	to
1139	amer	wrt	to	to
1140	amer	wrt	to	to
1141	amer	wrt	to	to
1142	amer	wrt	to	to
1143	amer	wrt	to	to
1144	amer	wrt	to	to
1145	amer	wrt	to	to
1146	amer	wrt	to	to
1147	amer	wrt	to	to
1148	amer	wrt	to	to
1149	amer	wrt	to	to
1150	amer	wrt	to	to
1151	amer	wrt	to	to
1152	amer	wrt	to	to
1153	amer	wrt	to	to
1154	amer	wrt	to	to
1155	amer	wrt	to	to
1156	amer	wrt	to	to
1157	amer	wrt	to	to
1158	amer	wrt	to	to
1159	amer	wrt	to	to
1160	amer	wrt	to	to
1161	amer	wrt	to	to
1162	amer	wrt	to	to
1163	amer	wrt	to	to
1164	amer	wrt	to	to
1165	amer	wrt	to	to
1166	amer	wrt	to	to
1167	amer	wrt	to	to
1168	amer	wrt	to	to
1169	amer	wrt	to	to
1170	amer	wrt	to	to
1171	amer	wrt	to	to
1172	amer	wrt	to	to
1173	amer	wrt	to	to
1174	amer	wrt	to	to
1175	amer	wrt	to	to
1176	amer	wrt	to	to
1177	amer	wrt	to	to
1178	amer	wrt	to	to
1179	amer	wrt	to	to
1180	amer	wrt	to	to
1181	amer	wrt	to	to
1182	amer	wrt	to	to
1183	amer	wrt	to	to
1184	amer	wrt	to	to
1185	amer	wrt	to	to
1186	amer	wrt	to	to
1187	amer	wrt	to	to
1188	brit	spk	and	other
1189	brit	spk	and	other
1190	brit	spk	and	other
1191	brit	spk	and	other
1192	brit	spk	and	other
1193	brit	spk	and	other
1194	brit	spk	and	other
1195	brit	spk	and	other
1196	brit	spk	and	other
1197	brit	spk	and	other
1198	brit	spk	and	other
1199	brit	spk	and	other
1200	brit	spk	and	other
1201	brit	spk	and	other
1202	brit	spk	and	other
1203	brit	spk	and	other
1204	brit	spk	and	other
1205	brit	spk	and	other
1206	brit	spk	and	other
1207	brit	spk	and	other
1208	brit	spk	and	other
1209	brit	spk	and	other
1210	brit	spk	and	other
1211	brit	spk	and	other
1212	brit	spk	and	other
1213	brit	spk	and	other
1214	brit	spk	and	other
1215	brit	spk	and	other
1216	brit	spk	and	other
1217	brit	spk	and	other
1218	brit	spk	and	other
1219	brit	spk	and	other
1220	brit	spk	and	other
1221	brit	spk	and	other
1222	brit	spk	and	other
1223	brit	spk	and	other
1224	brit	spk	and	other
1225	brit	spk	and	other
1226	brit	spk	and	other
1227	brit	spk	and	other
1228	brit	spk	and	other
1229	brit	spk	and	other
1230	brit	spk	and	other
1231	brit	spk	and	other
1232	brit	spk	and	other
1233	brit	spk	and	other
1234	brit	spk	and	other
1235	brit	spk	and	other
1236	brit	spk	and	other
1237	brit	spk	and	other
1238	brit	spk	and	other
1239	brit	spk	and	other
1240	brit	spk	and	other
1241	brit	spk	and	other
1242	brit	spk	and	other
1243	brit	spk	and	other
1244	brit	spk	and	other
1245	brit	spk	and	other
1246	brit	spk	and	other
1247	brit	spk	and	other
1248	brit	spk	and	other
1249	brit	spk	and	other
1250	brit	spk	and	other
1251	brit	spk	and	other
1252	brit	spk	and	other
1253	brit	spk	and	other
1254	brit	spk	and	other
1255	brit	spk	and	other
1256	brit	spk	and	other
1257	brit	spk	and	other
1258	brit	spk	and	other
1259	brit	spk	and	other
1260	brit	spk	and	other
1261	brit	spk	and	other
1262	brit	spk	and	other
1263	brit	spk	and	other
1264	brit	spk	and	other
1265	brit	spk	and	other
1266	brit	spk	and	other
1267	brit	spk	and	other
1268	brit	spk	and	other
1269	brit	spk	and	other
1270	brit	spk	and	other
1271	brit	spk	and	other
1272	brit	spk	and	other
1273	brit	spk	and	other
1274	brit	spk	and	other
1275	brit	spk	and	other
1276	brit	spk	and	other
1277	brit	spk	and	other
1278	brit	spk	and	other
1279	brit	spk	and	other
1280	brit	spk	and	other
1281	brit	spk	and	other
1282	brit	spk	and	other
1283	brit	spk	and	other
1284	brit	spk	and	other
1285	brit	spk	and	other
1286	brit	spk	and	other
1287	brit	spk	and	other
1288	brit	spk	and	other
1289	brit	spk	and	other
1290	brit	spk	and	other
1291	brit	spk	and	other
1292	brit	spk	and	other
1293	brit	spk	and	other
1294	brit	spk	and	other
1295	brit	spk	and	other
1296	brit	spk	and	other
1297	brit	spk	and	other
1298	brit	spk	and	other
1299	brit	spk	and	other
1300	brit	spk	and	other
1301	brit	spk	and	other
1302	brit	spk	and	other
1303	brit	spk	and	other
1304	brit	spk	and	other
1305	brit	spk	and	other
1306	brit	spk	and	other
1307	brit	spk	and	other
1308	brit	spk	and	other
1309	brit	spk	and	other
1310	brit	spk	and	other
1311	brit	spk	and	other
1312	brit	spk	and	other
1313	brit	spk	and	other
1314	brit	spk	and	other
1315	brit	spk	and	other
1316	brit	spk	and	other
1317	brit	spk	and	other
1318	brit	spk	and	other
1319	brit	spk	and	other
1320	brit	spk	and	other
1321	brit	spk	and	other
1322	brit	spk	and	other
1323	brit	spk	and	other
1324	brit	spk	and	other
1325	brit	spk	and	other
1326	brit	spk	and	other
1327	brit	spk	and	other
1328	brit	spk	and	other
1329	brit	spk	and	other
1330	brit	spk	and	other
1331	brit	spk	and	other
1332	brit	spk	and	other
1333	brit	spk	and	other
1334	brit	spk	and	other
1335	brit	spk	and	other
1336	brit	spk	and	other
1337	brit	spk	and	other
1338	brit	spk	and	other
1339	brit	spk	and	other
1340	brit	spk	and	other
1341	brit	spk	and	other
1342	brit	spk	and	other
1343	brit	spk	and	other
1344	brit	spk	and	other
1345	brit	spk	and	other
1346	brit	spk	and	other
1347	brit	spk	and	other
1348	brit	spk	and	other
1349	brit	spk	and	other
1350	brit	spk	and	other
1351	brit	spk	and	other
1352	brit	spk	and	other
1353	brit	spk	and	other
1354	brit	spk	and	other
1355	brit	spk	and	other
1356	brit	spk	and	other
1357	brit	spk	and	other
1358	brit	spk	and	other
1359	brit	spk	and	other
1360	brit	spk	and	other
1361	brit	spk	and	other
1362	brit	spk	and	other
1363	brit	spk	and	other
1364	brit	spk	and	other
1365	brit	spk	and	other
1366	brit	spk	and	other
1367	brit	spk	and	other
1368	brit	spk	and	other
1369	brit	spk	and	other
1370	brit	spk	and	other
1371	brit	spk	and	other
1372	brit	spk	and	other
1373	brit	spk	and	other
1374	brit	spk	and	other
1375	brit	spk	and	other
1376	brit	spk	and	other
1377	brit	spk	and	other
1378	brit	spk	and	other
1379	brit	spk	and	other
1380	brit	spk	and	other
1381	brit	spk	and	other
1382	brit	spk	and	other
1383	brit	spk	and	other
1384	brit	spk	and	other
1385	brit	spk	and	other
1386	brit	spk	and	other
1387	brit	spk	and	other
1388	brit	spk	and	other
1389	brit	spk	and	other
1390	brit	spk	and	other
1391	brit	spk	and	other
1392	brit	spk	and	other
1393	brit	spk	and	other
1394	brit	spk	and	other
1395	brit	spk	and	other
1396	brit	spk	and	other
1397	brit	spk	and	other
1398	brit	spk	and	other
1399	brit	spk	and	other
1400	brit	spk	and	other
1401	brit	spk	and	other
1402	brit	spk	and	other
1403	brit	spk	and	other
1404	brit	spk	and	other
1405	brit	spk	and	other
1406	brit	spk	and	other
1407	brit	spk	and	other
1408	brit	spk	and	other
1409	brit	spk	and	other
1410	brit	spk	and	other
1411	brit	spk	and	other
1412	brit	spk	and	other
1413	brit	spk	and	other
1414	brit	spk	and	other
1415	brit	spk	and	other
1416	brit	spk	and	other
1417	brit	spk	and	other
1418	brit	spk	and	other
1419	brit	spk	and	other
1420	brit	spk	and	other
1421	brit	spk	and	other
1422	brit	spk	and	other
1423	brit	spk	and	other
1424	brit	spk	and	other
1425	brit	spk	and	other
1426	brit	spk	and	other
1427	brit	spk	and	other
1428	brit	spk	and	other
1429	brit	spk	and	other
1430	brit	spk	and	other
1431	brit	spk	and	other
1432	brit	spk	and	other
1433	brit	spk	and	other
1434	brit	spk	and	other
1435	brit	spk	and	other
1436	brit	spk	and	other
1437	brit	spk	and	other
1438	brit	spk	and	other
1439	brit	spk	and	other
1440	brit	spk	and	other
1441	brit	spk	and	other
1442	brit	spk	and	other
1443	brit	spk	and	other
1444	brit	spk	and	other
1445	brit	spk	and	other
1446	brit	spk	and	other
1447	brit	spk	and	other
1448	brit	spk	and	other
1449	brit	spk	and	other
1450	brit	spk	and	other
1451	brit	spk	and	other
1452	brit	spk	and	other
1453	brit	spk	and	other
1454	brit	spk	and	other
1455	brit	spk	and	other
1456	brit	spk	and	other
1457	brit	spk	and	other
1458	brit	spk	and	other
1459	brit	spk	and	other
1460	brit	spk	and	other
1461	brit	spk	and	other
1462	brit	spk	and	other
1463	brit	spk	and	other
1464	brit	spk	and	other
1465	brit	spk	and	other
1466	brit	spk	and	other
1467	brit	spk	and	other
1468	brit	spk	and	other
1469	brit	spk	and	other
1470	brit	spk	and	other
1471	brit	spk	and	other
1472	brit	spk	and	other
1473	brit	spk	and	other
1474	brit	spk	and	other
1475	brit	spk	and	other
1476	brit	spk	and	other
1477	brit	spk	and	other
1478	brit	spk	and	other
1479	brit	spk	and	other
1480	brit	spk	and	other
1481	brit	spk	and	other
1482	brit	spk	and	other
1483	brit	spk	and	other
1484	brit	spk	and	other
1485	brit	spk	and	other
1486	brit	spk	and	other
1487	brit	spk	and	other
1488	brit	spk	and	other
1489	brit	spk	and	other
1490	brit	spk	and	other
1491	brit	spk	and	other
1492	brit	spk	and	other
1493	brit	spk	and	other
1494	brit	spk	and	other
1495	brit	spk	and	other
1496	brit	spk	and	other
1497	brit	spk	and	other
1498	brit	spk	and	other
1499	brit	spk	and	other
1500	brit	spk	and	other
1501	brit	spk	and	other
1502	brit	spk	and	other
1503	brit	spk	and	other
1504	brit	spk	and	other
1505	brit	spk	and	other
1506	brit	spk	and	other
1507	brit	spk	and	other
1508	brit	spk	and	other
1509	brit	spk	and	other
1510	brit	spk	and	other
1511	brit	spk	and	other
1512	brit	spk	and	other
1513	brit	spk	and	other
1514	brit	spk	and	other
1515	brit	spk	and	other
1516	brit	spk	and	other
1517	brit	spk	and	other
1518	brit	spk	and	other
1519	brit	spk	and	other
1520	brit	spk	and	other
1521	brit	spk	and	other
1522	brit	spk	and	other
1523	brit	spk	and	other
1524	brit	spk	and	other
1525	brit	spk	and	other
1526	brit	spk	and	other
1527	brit	spk	and	other
1528	brit	spk	and	other
1529	brit	spk	and	other
1530	brit	spk	and	other
1531	brit	spk	and	other
1532	brit	spk	and	other
1533	brit	spk	and	other
1534	brit	spk	and	other
1535	brit	spk	and	other
1536	brit	spk	and	other
1537	brit	spk	and	other
1538	brit	spk	and	other
1539	brit	spk	and	other
1540	brit	spk	and	other
1541	brit	spk	and	other
1542	brit	spk	and	other
1543	brit	spk	and	other
1544	brit	spk	and	other
1545	brit	spk	and	other
1546	brit	spk	and	other
1547	brit	spk	and	other
1548	brit	spk	and	other
1549	brit	spk	and	other
1550	brit	spk	and	other
1551	brit	spk	and	other
1552	brit	spk	and	other
1553	brit	spk	and	other
1554	brit	spk	and	other
1555	brit	spk	and	other
1556	brit	spk	and	other
1557	brit	spk	and	other
1558	brit	spk	and	other
1559	brit	spk	and	other
1560	brit	spk	and	other
1561	brit	spk	and	other
1562	brit	spk	and	other
1563	brit	spk	and	other
1564	brit	spk	and	other
1565	brit	spk	and	other
1566	brit	spk	and	other
1567	brit	spk	and	other
1568	brit	spk	and	other
1569	brit	spk	and	other
1570	brit	spk	and	other
1571	brit	spk	and	other
1572	brit	spk	and	other
1573	brit	spk	and	other
1574	brit	spk	and	other
1575	brit	spk	and	other
1576	brit	spk	and	other
1577	brit	spk	and	other
1578	brit	spk	and	other
1579	brit	spk	and	other
1580	brit	spk	and	other
1581	brit	spk	and	other
1582	brit	spk	and	other
1583	brit	spk	and	other
1584	brit	spk	and	other
1585	brit	spk	and	other
1586	brit	spk	and	other
1587	brit	spk	and	other
1588	brit	spk	and	other
1589	brit	spk	and	other
1590	brit	spk	and	other
1591	brit	spk	and	other
1592	brit	spk	and	other
1593	brit	spk	and	other
1594	brit	spk	and	other
1595	brit	spk	and	other
1596	brit	spk	and	other
1597	brit	spk	and	other
1598	brit	spk	and	other
1599	brit	spk	and	other
1600	brit	spk	and	other
1601	brit	spk	and	other
1602	brit	spk	and	other
1603	brit	spk	and	other
1604	brit	spk	and	other
1605	brit	spk	and	other
1606	brit	spk	and	other
1607	brit	spk	and	other
1608	brit	spk	and	other
1609	brit	spk	and	other
1610	brit	spk	and	other
1611	brit	spk	and	other
1612	brit	spk	and	other
1613	brit	spk	and	other
1614	brit	spk	and	other
1615	brit	spk	and	other
1616	brit	spk	and	other
1617	brit	spk	and	other
1618	brit	spk	and	other
1619	brit	spk	and	other
1620	brit	spk	and	other
1621	brit	spk	and	other
1622	brit	spk	and	other
1623	brit	spk	and	other
1624	brit	spk	and	other
1625	brit	spk	and	other
1626	brit	spk	and	other
1627	brit	spk	and	other
1628	brit	spk	and	other
1629	brit	spk	and	other
1630	brit	spk	and	other
1631	brit	spk	and	other
1632	brit	spk	and	other
1633	brit	spk	and	other
1634	brit	spk	and	other
1635	brit	spk	and	other
1636	brit	spk	and	other
1637	brit	spk	and	other
1638	brit	spk	and	other
1639	brit	spk	and	other
1640	brit	spk	and	other
1641	brit	spk	and	other
1642	brit	spk	and	other
1643	brit	spk	and	other
1644	brit	spk	and	other
1645	brit	spk	and	other
1646	brit	spk	and	other
1647	brit	spk	and	other
1648	brit	spk	and	other
1649	brit	spk	and	other
1650	brit	spk	and	other
1651	brit	spk	and	other
1652	brit	spk	and	other
1653	brit	spk	and	other
1654	brit	spk	and	other
1655	brit	spk	and	other
1656	brit	spk	and	other
1657	brit	spk	and	other
1658	brit	spk	and	other
1659	brit	spk	and	other
1660	brit	spk	and	other
1661	brit	spk	and	other
1662	brit	spk	and	other
1663	brit	spk	and	other
1664	brit	spk	and	other
1665	brit	spk	and	other
1666	brit	spk	and	other
1667	brit	spk	and	other
1668	brit	spk	and	other
1669	brit	spk	and	other
1670	brit	spk	and	other
1671	brit	spk	and	other
1672	brit	spk	and	other
1673	brit	spk	and	other
1674	brit	spk	and	other
1675	brit	spk	and	other
1676	brit	spk	and	other
1677	brit	spk	and	other
1678	brit	spk	and	other
1679	brit	spk	and	other
1680	brit	spk	and	other
1681	brit	spk	and	other
1682	brit	spk	and	other
1683	brit	spk	and	other
1684	brit	spk	and	other
1685	brit	spk	and	other
1686	brit	spk	and	other
1687	brit	spk	and	other
1688	brit	spk	and	other
1689	brit	spk	and	other
1690	brit	spk	and	other
1691	brit	spk	and	to
1692	brit	spk	and	to
1693	brit	spk	and	to
1694	brit	spk	and	to
1695	brit	spk	and	to
1696	brit	spk	and	to
1697	brit	spk	and	to
1698	brit	spk	and	to
1699	brit	spk	and	to
1700	brit	spk	and	to
1701	brit	spk	and	to
1702	brit	spk	and	to
1703	brit	spk	and	to
1704	brit	spk	and	to
1705	brit	spk	and	to
1706	brit	spk	and	to
1707	brit	spk	and	to
1708	brit	spk	and	to
1709	brit	spk	and	to
1710	brit	spk	and	to
1711	brit	spk	and	to
1712	brit	spk	and	to
1713	brit	spk	and	to
1714	brit	spk	and	to
1715	brit	spk	and	to
1716	brit	spk	and	to
1717	brit	spk	and	to
1718	brit	spk	and	to
1719	brit	spk	and	to
1720	brit	spk	and	to
1721	brit	spk	and	to
1722	brit	spk	and	to
1723	brit	spk	and	to
1724	brit	spk	and	to
1725	brit	spk	and	to
1726	brit	spk	and	to
1727	brit	spk	and	to
1728	brit	spk	and	to
1729	brit	spk	and	to
1730	brit	spk	and	to
1731	brit	spk	and	to
1732	brit	spk	and	to
1733	brit	spk	and	to
1734	brit	spk	and	to
1735	brit	spk	and	to
1736	brit	spk	and	to
1737	brit	spk	and	to
1738	brit	spk	and	to
1739	brit	spk	and	to
1740	brit	spk	and	to
1741	brit	spk	and	to
1742	brit	spk	and	to
1743	brit	spk	and	to
1744	brit	spk	and	to
1745	brit	spk	and	to
1746	brit	spk	and	to
1747	brit	spk	and	to
1748	brit	spk	and	to
1749	brit	spk	and	to
1750	brit	spk	and	to
1751	brit	spk	and	to
1752	brit	spk	and	to
1753	brit	spk	and	to
1754	brit	spk	and	to
1755	brit	spk	and	to
1756	brit	spk	and	to
1757	brit	spk	and	to
1758	brit	spk	and	to
1759	brit	spk	and	to
1760	brit	spk	and	to
1761	brit	spk	and	to
1762	brit	spk	and	to
1763	brit	spk	and	to
1764	brit	spk	and	to
1765	brit	spk	and	to
1766	brit	spk	and	to
1767	brit	spk	and	to
1768	brit	spk	and	to
1769	brit	spk	and	to
1770	brit	spk	and	to
1771	brit	spk	and	to
1772	brit	spk	and	to
1773	brit	spk	and	to
1774	brit	spk	and	to
1775	brit	spk	and	to
1776	brit	spk	and	to
1777	brit	spk	and	to
1778	brit	spk	and	to
1779	brit	spk	and	to
1780	brit	spk	and	to
1781	brit	spk	and	to
1782	brit	spk	and	to
1783	brit	spk	and	to
1784	brit	spk	and	to
1785	brit	spk	and	to
1786	brit	spk	and	to
1787	brit	spk	and	to
1788	brit	spk	and	to
1789	brit	spk	and	to
1790	brit	spk	and	to
1791	brit	spk	and	to
1792	brit	spk	and	to
1793	brit	spk	and	to
1794	brit	spk	and	to
1795	brit	spk	and	to
1796	brit	spk	and	to
1797	brit	spk	and	to
1798	brit	spk	and	to
1799	brit	spk	and	to
1800	brit	spk	and	to
1801	brit	spk	and	to
1802	brit	spk	and	to
1803	brit	spk	and	to
1804	brit	spk	and	to
1805	brit	spk	and	to
1806	brit	spk	and	to
1807	brit	spk	and	to
1808	brit	spk	and	to
1809	brit	spk	and	to
1810	brit	spk	and	to
1811	brit	spk	and	to
1812	brit	spk	and	to
1813	brit	spk	and	to
1814	brit	spk	and	to
1815	brit	spk	and	to
1816	brit	spk	and	to
1817	brit	spk	and	to
1818	brit	spk	and	to
1819	brit	spk	and	to
1820	brit	spk	and	to
1821	brit	spk	and	to
1822	brit	spk	and	to
1823	brit	spk	and	to
1824	brit	spk	and	to
1825	brit	spk	and	to
1826	brit	spk	and	to
1827	brit	spk	and	to
1828	brit	spk	and	to
1829	brit	spk	and	to
1830	brit	spk	and	to
1831	brit	spk	and	to
1832	brit	spk	and	to
1833	brit	spk	and	to
1834	brit	spk	and	to
1835	brit	spk	and	to
1836	brit	spk	and	to
1837	brit	spk	and	to
1838	brit	spk	and	to
1839	brit	spk	and	to
1840	brit	spk	and	to
1841	brit	spk	and	to
1842	brit	spk	and	to
1843	brit	spk	and	to
1844	brit	spk	and	to
1845	brit	spk	and	to
1846	brit	spk	and	to
1847	brit	spk	and	to
1848	brit	spk	and	to
1849	brit	spk	and	to
1850	brit	spk	and	to
1851	brit	spk	and	to
1852	brit	spk	and	to
1853	brit	spk	and	to
1854	brit	spk	and	to
1855	brit	spk	and	to
1856	brit	spk	and	to
1857	brit	spk	and	to
1858	brit	spk	and	to
1859	brit	spk	and	to
1860	brit	spk	and	to
1861	brit	spk	and	to
1862	brit	spk	and	to
1863	brit	spk	and	to
1864	brit	spk	and	to
1865	brit	spk	and	to
1866	brit	spk	and	to
1867	brit	spk	and	to
1868	brit	spk	and	to
1869	brit	spk	and	to
1870	brit	spk	and	to
1871	brit	spk	and	to
1872	brit	spk	and	to
1873	brit	spk	and	to
1874	brit	spk	and	to
1875	brit	spk	and	to
1876	brit	spk	and	to
1877	brit	spk	and	to
1878	brit	spk	and	to
1879	brit	spk	and	to
1880	brit	spk	and	to
1881	brit	spk	and	to
1882	brit	spk	and	to
1883	brit	spk	and	to
1884	brit	spk	and	to
1885	brit	spk	and	to
1886	brit	spk	and	to
1887	brit	spk	and	to
1888	brit	spk	and	to
1889	brit	spk	and	to
1890	brit	spk	and	to
1891	brit	spk	and	to
1892	brit	spk	and	to
1893	brit	spk	and	to
1894	brit	spk	and	to
1895	brit	spk	and	to
1896	brit	spk	and	to
1897	brit	spk	and	to
1898	brit	spk	and	to
1899	brit	spk	and	to
1900	brit	spk	and	to
1901	brit	spk	and	to
1902	brit	spk	and	to
1903	brit	spk	and	to
1904	brit	spk	and	to
1905	brit	spk	and	to
1906	brit	spk	and	to
1907	brit	spk	and	to
1908	brit	spk	and	to
1909	brit	spk	and	to
1910	brit	spk	and	to
1911	brit	spk	and	to
1912	brit	spk	and	to
1913	brit	spk	and	to
1914	brit	spk	and	to
1915	brit	spk	and	to
1916	brit	spk	and	to
1917	brit	spk	and	to
1918	brit	spk	and	to
1919	brit	spk	and	to
1920	brit	spk	and	to
1921	brit	spk	and	to
1922	brit	spk	and	to
1923	brit	spk	and	to
1924	brit	spk	and	to
1925	brit	spk	and	to
1926	brit	spk	and	to
1927	brit	spk	and	to
1928	brit	spk	and	to
1929	brit	spk	and	to
1930	brit	spk	and	to
1931	brit	spk	and	to
1932	brit	spk	and	to
1933	brit	spk	and	to
1934	brit	spk	and	to
1935	brit	spk	and	to
1936	brit	spk	and	to
1937	brit	spk	and	to
1938	brit	spk	and	to
1939	brit	spk	and	to
1940	brit	spk	and	to
1941	brit	spk	and	to
1942	brit	spk	and	to
1943	brit	spk	and	to
1944	brit	spk	and	to
1945	brit	spk	and	to
1946	brit	spk	and	to
1947	brit	spk	and	to
1948	brit	spk	and	to
1949	brit	spk	and	to
1950	brit	spk	and	to
1951	brit	spk	and	to
1952	brit	spk	and	to
1953	brit	spk	and	to
1954	brit	spk	and	to
1955	brit	spk	and	to
1956	brit	spk	and	to
1957	brit	spk	and	to
1958	brit	spk	and	to
1959	brit	spk	and	to
1960	brit	spk	and	to
1961	brit	spk	and	to
1962	brit	spk	and	to
1963	brit	spk	and	to
1964	brit	spk	and	to
1965	brit	spk	and	to
1966	brit	spk	and	to
1967	brit	spk	and	to
1968	brit	spk	and	to
1969	brit	spk	and	to
1970	brit	spk	and	to
1971	brit	spk	and	to
1972	brit	spk	and	to
1973	brit	spk	and	to
1974	brit	spk	and	to
1975	brit	spk	and	to
1976	brit	spk	and	to
1977	brit	spk	and	to
1978	brit	spk	and	to
1979	brit	spk	and	to
1980	brit	spk	and	to
1981	brit	spk	and	to
1982	brit	spk	and	to
1983	brit	spk	and	to
1984	brit	spk	and	to
1985	brit	spk	and	to
1986	brit	spk	and	to
1987	brit	spk	and	to
1988	brit	spk	and	to
1989	brit	spk	and	to
1990	brit	spk	and	to
1991	brit	spk	and	to
1992	brit	spk	and	to
1993	brit	spk	and	to
1994	brit	spk	and	to
1995	brit	spk	and	to
1996	brit	spk	and	to
1997	brit	spk	and	to
1998	brit	spk	and	to
1999	brit	spk	and	to
2000	brit	spk	and	to
2001	brit	spk	and	to
2002	brit	spk	and	to
2003	brit	spk	and	to
2004	brit	spk	and	to
2005	brit	spk	and	to
2006	brit	spk	and	to
2007	brit	spk	and	to
2008	brit	spk	and	to
2009	brit	spk	and	to
2010	brit	spk	and	to
2011	brit	spk	and	to
2012	brit	spk	and	to
2013	brit	spk	and	to
2014	brit	spk	and	to
2015	brit	spk	and	to
2016	brit	spk	and	to
2017	brit	spk	and	to
2018	brit	spk	and	to
2019	brit	spk	and	to
2020	brit	spk	and	to
2021	brit	spk	and	to
2022	brit	spk	and	to
2023	brit	spk	and	to
2024	brit	spk	and	to
2025	brit	spk	and	to
2026	brit	spk	and	to
2027	brit	spk	and	to
2028	brit	spk	and	to
2029	brit	spk	and	to
2030	brit	spk	and	to
2031	brit	spk	and	to
2032	brit	spk	and	to
2033	brit	spk	and	to
2034	brit	spk	and	to
2035	brit	spk	and	to
2036	brit	spk	and	to
2037	brit	spk	and	to
2038	brit	spk	and	to
2039	brit	spk	and	to
2040	brit	spk	and	to
2041	brit	spk	and	to
2042	brit	spk	and	to
2043	brit	spk	and	to
2044	brit	spk	and	to
2045	brit	spk	and	to
2046	brit	spk	and	to
2047	brit	spk	and	to
2048	brit	spk	and	to
2049	brit	spk	and	to
2050	brit	spk	and	to
2051	brit	spk	and	to
2052	brit	spk	and	to
2053	brit	spk	and	to
2054	brit	spk	and	to
2055	brit	spk	and	to
2056	brit	spk	and	to
2057	brit	spk	and	to
2058	brit	spk	and	to
2059	brit	spk	and	to
2060	brit	spk	and	to
2061	brit	spk	and	to
2062	brit	spk	and	to
2063	brit	spk	and	to
2064	brit	spk	and	to
2065	brit	spk	and	to
2066	brit	spk	and	to
2067	brit	spk	and	to
2068	brit	spk	and	to
2069	brit	spk	and	to
2070	brit	spk	and	to
2071	brit	spk	and	to
2072	brit	spk	and	to
2073	brit	spk	and	to
2074	brit	spk	and	to
2075	brit	spk	and	to
2076	brit	spk	and	to
2077	brit	spk	and	to
2078	brit	spk	and	to
2079	brit	spk	and	to
2080	brit	spk	and	to
2081	brit	spk	and	to
2082	brit	spk	and	to
2083	brit	spk	and	to
2084	brit	spk	and	to
2085	brit	spk	and	to
2086	brit	spk	and	to
2087	brit	spk	and	to
2088	brit	spk	and	to
2089	brit	spk	and	to
2090	brit	spk	and	to
2091	brit	spk	and	to
2092	brit	spk	and	to
2093	brit	spk	and	to
2094	brit	spk	and	to
2095	brit	spk	and	to
2096	brit	spk	and	to
2097	brit	spk	and	to
2098	brit	spk	and	to
2099	brit	spk	and	to
2100	brit	spk	and	to
2101	brit	spk	and	to
2102	brit	spk	and	to
2103	brit	spk	and	to
2104	brit	spk	and	to
2105	brit	spk	and	to
2106	brit	spk	and	to
2107	brit	spk	and	to
2108	brit	spk	and	to
2109	brit	spk	and	to
2110	brit	spk	and	to
2111	brit	spk	and	to
2112	brit	spk	and	to
2113	brit	spk	and	to
2114	brit	spk	and	to
2115	brit	spk	and	to
2116	brit	spk	and	to
2117	brit	spk	and	to
2118	brit	spk	and	to
2119	brit	spk	and	to
2120	brit	spk	and	to
2121	brit	spk	and	to
2122	brit	spk	and	to
2123	brit	spk	and	to
2124	brit	spk	and	to
2125	brit	spk	and	to
2126	brit	spk	and	to
2127	brit	spk	and	to
2128	brit	spk	and	to
2129	brit	spk	and	to
2130	brit	spk	and	to
2131	brit	spk	and	to
2132	brit	spk	and	to
2133	brit	spk	and	to
2134	brit	spk	and	to
2135	brit	spk	and	to
2136	brit	spk	and	to
2137	brit	spk	and	to
2138	brit	spk	and	to
2139	brit	spk	and	to
2140	brit	spk	and	to
2141	brit	spk	and	to
2142	brit	spk	and	to
2143	brit	spk	and	to
2144	brit	spk	and	to
2145	brit	spk	and	to
2146	brit	spk	and	to
2147	brit	spk	and	to
2148	brit	spk	and	to
2149	brit	spk	and	to
2150	brit	spk	and	to
2151	brit	spk	and	to
2152	brit	spk	and	to
2153	brit	spk	and	to
2154	brit	spk	and	to
2155	brit	spk	and	to
2156	brit	spk	and	to
2157	brit	spk	and	to
2158	brit	spk	and	to
2159	brit	spk	and	to
2160	brit	spk	and	to
2161	brit	spk	and	to
2162	brit	spk	and	to
2163	brit	spk	and	to
2164	brit	spk	and	to
2165	brit	spk	and	to
2166	brit	spk	and	to
2167	brit	spk	and	to
2168	brit	spk	and	to
2169	brit	spk	and	to
2170	brit	spk	and	to
2171	brit	spk	and	to
2172	brit	spk	and	to
2173	brit	spk	and	to
2174	brit	spk	and	to
2175	brit	spk	and	to
2176	brit	spk	and	to
2177	brit	spk	and	to
2178	brit	spk	and	to
2179	brit	spk	and	to
2180	brit	spk	and	to
2181	brit	spk	and	to
2182	brit	spk	and	to
2183	brit	spk	and	to
2184	brit	spk	and	to
2185	brit	spk	and	to
2186	brit	spk	and	to
2187	brit	spk	and	to
2188	brit	spk	and	to
2189	brit	spk	and	to
2190	brit	spk	and	to
2191	brit	spk	and	to
2192	brit	spk	and	to
2193	brit	spk	and	to
2194	brit	spk	and	to
2195	brit	spk	and	to
2196	brit	spk	and	to
2197	brit	spk	and	to
2198	brit	spk	and	to
2199	brit	spk	and	to
2200	brit	spk	and	to
2201	brit	spk	and	to
2202	brit	spk	and	to
2203	brit	spk	and	to
2204	brit	spk	and	to
2205	brit	spk	and	to
2206	brit	spk	and	to
2207	brit	spk	and	to
2208	brit	spk	and	to
2209	brit	spk	and	to
2210	brit	spk	and	to
2211	brit	spk	and	to
2212	brit	spk	and	to
2213	brit	spk	and	to
2214	brit	spk	and	to
2215	brit	spk	and	to
2216	brit	spk	and	to
2217	brit	spk	and	to
2218	brit	spk	and	to
2219	brit	spk	and	to
2220	brit	spk	and	to
2221	brit	spk	and	to
2222	brit	spk	and	to
2223	brit	spk	and	to
2224	brit	spk	and	to
2225	brit	spk	and	to
2226	brit	spk	and	to
2227	brit	spk	and	to
2228	brit	spk	and	to
2229	brit	spk	and	to
2230	brit	spk	and	to
2231	brit	spk	and	to
2232	brit	spk	and	to
2233	brit	spk	and	to
2234	brit	spk	and	to
2235	brit	spk	and	to
2236	brit	spk	and	to
2237	brit	spk	and	to
2238	brit	spk	and	to
2239	brit	spk	and	to
2240	brit	spk	and	to
2241	brit	spk	and	to
2242	brit	spk	and	to
2243	brit	spk	and	to
2244	brit	spk	and	to
2245	brit	spk	and	to
2246	brit	spk	and	to
2247	brit	spk	and	to
2248	brit	spk	and	to
2249	brit	spk	and	to
2250	brit	spk	and	to
2251	brit	spk	and	to
2252	brit	spk	and	to
2253	brit	spk	and	to
2254	brit	spk	and	to
2255	brit	spk	and	to
2256	brit	spk	and	to
2257	brit	spk	and	to
2258	brit	spk	and	to
2259	brit	spk	and	to
2260	brit	spk	and	to
2261	brit	spk	and	to
2262	brit	spk	and	to
2263	brit	spk	and	to
2264	brit	spk	and	to
2265	brit	spk	and	to
2266	brit	spk	and	to
2267	brit	spk	and	to
2268	brit	spk	and	to
2269	brit	spk	and	to
2270	brit	spk	and	to
2271	brit	spk	and	to
2272	brit	spk	and	to
2273	brit	spk	and	to
2274	brit	spk	and	to
2275	brit	spk	and	to
2276	brit	spk	and	to
2277	brit	spk	and	to
2278	brit	spk	and	to
2279	brit	spk	and	to
2280	brit	spk	and	to
2281	brit	spk	and	to
2282	brit	spk	and	to
2283	brit	spk	and	to
2284	brit	spk	and	to
2285	brit	spk	and	to
2286	brit	spk	and	to
2287	brit	spk	and	to
2288	brit	spk	and	to
2289	brit	spk	and	to
2290	brit	spk	and	to
2291	brit	spk	and	to
2292	brit	spk	and	to
2293	brit	spk	and	to
2294	brit	spk	and	to
2295	brit	spk	and	to
2296	brit	spk	and	to
2297	brit	spk	and	to
2298	brit	spk	and	to
2299	brit	spk	and	to
2300	brit	spk	and	to
2301	brit	spk	and	to
2302	brit	spk	and	to
2303	brit	spk	and	to
2304	brit	spk	and	to
2305	brit	spk	and	to
2306	brit	spk	and	to
2307	brit	spk	and	to
2308	brit	spk	and	to
2309	brit	spk	and	to
2310	brit	spk	and	to
2311	brit	spk	and	to
2312	brit	spk	and	to
2313	brit	spk	and	to
2314	brit	spk	and	to
2315	brit	spk	and	to
2316	brit	spk	and	to
2317	brit	spk	and	to
2318	brit	spk	and	to
2319	brit	spk	and	to
2320	brit	spk	and	to
2321	brit	spk	and	to
2322	brit	spk	and	to
2323	brit	spk	and	to
2324	brit	spk	and	to
2325	brit	spk	and	to
2326	brit	spk	and	to
2327	brit	spk	and	to
2328	brit	spk	and	to
2329	brit	spk	and	to
2330	brit	spk	and	to
2331	brit	spk	and	to
2332	brit	spk	and	to
2333	brit	spk	and	to
2334	brit	spk	and	to
2335	brit	spk	and	to
2336	brit	spk	and	to
2337	brit	spk	and	to
2338	brit	spk	and	to
2339	brit	spk	and	to
2340	brit	spk	and	to
2341	brit	spk	and	to
2342	brit	spk	and	to
2343	brit	spk	and	to
2344	brit	spk	and	to
2345	brit	spk	and	to
2346	brit	spk	and	to
2347	brit	spk	and	to
2348	brit	spk	and	to
2349	brit	spk	and	to
2350	brit	spk	and	to
2351	brit	spk	and	to
2352	brit	spk	and	to
2353	brit	spk	and	to
2354	brit	spk	and	to
2355	brit	spk	and	to
2356	brit	spk	and	to
2357	brit	spk	and	to
2358	brit	spk	and	to
2359	brit	spk	and	to
2360	brit	spk	and	to
2361	brit	spk	and	to
2362	brit	spk	and	to
2363	brit	spk	and	to
2364	brit	spk	and	to
2365	brit	spk	and	to
2366	brit	spk	and	to
2367	brit	spk	and	to
2368	brit	spk	and	to
2369	brit	spk	and	to
2370	brit	spk	and	to
2371	brit	spk	and	to
2372	brit	spk	and	to
2373	brit	spk	and	to
2374	brit	spk	and	to
2375	brit	spk	and	to
2376	brit	spk	and	to
2377	brit	spk	and	to
2378	brit	spk	and	to
2379	brit	spk	and	to
2380	brit	spk	and	to
2381	brit	spk	and	to
2382	brit	spk	and	to
2383	brit	spk	and	to
2384	brit	spk	and	to
2385	brit	spk	and	to
2386	brit	spk	and	to
2387	brit	spk	and	to
2388	brit	spk	and	to
2389	brit	spk	and	to
2390	brit	spk	and	to
2391	brit	spk	and	to
2392	brit	spk	and	to
2393	brit	spk	and	to
2394	brit	spk	and	to
2395	brit	spk	and	to
2396	brit	spk	and	to
2397	brit	spk	to	other
2398	brit	spk	to	other
2399	brit	spk	to	other
2400	brit	spk	to	other
2401	brit	spk	to	other
2402	brit	spk	to	other
2403	brit	spk	to	other
2404	brit	spk	to	other
2405	brit	spk	to	other
2406	brit	spk	to	other
2407	brit	spk	to	other
2408	brit	spk	to	other
2409	brit	spk	to	other
2410	brit	spk	to	other
2411	brit	spk	to	other
2412	brit	spk	to	other
2413	brit	spk	to	other
2414	brit	spk	to	other
2415	brit	spk	to	other
2416	brit	spk	to	other
2417	brit	spk	to	other
2418	brit	spk	to	other
2419	brit	spk	to	other
2420	brit	spk	to	other
2421	brit	spk	to	other
2422	brit	spk	to	other
2423	brit	spk	to	other
2424	brit	spk	to	other
2425	brit	spk	to	other
2426	brit	spk	to	other
2427	brit	spk	to	other
2428	brit	spk	to	other
2429	brit	spk	to	other
2430	brit	spk	to	other
2431	brit	spk	to	other
2432	brit	spk	to	other
2433	brit	spk	to	other
2434	brit	spk	to	other
2435	brit	spk	to	other
2436	brit	spk	to	other
2437	brit	spk	to	other
2438	brit	spk	to	other
2439	brit	spk	to	other
2440	brit	spk	to	other
2441	brit	spk	to	other
2442	brit	spk	to	other
2443	brit	spk	to	other
2444	brit	spk	to	other
2445	brit	spk	to	other
2446	brit	spk	to	other
2447	brit	spk	to	other
2448	brit	spk	to	other
2449	brit	spk	to	other
2450	brit	spk	to	other
2451	brit	spk	to	other
2452	brit	spk	to	other
2453	brit	spk	to	other
2454	brit	spk	to	other
2455	brit	spk	to	other
2456	brit	spk	to	other
2457	brit	spk	to	other
2458	brit	spk	to	other
2459	brit	spk	to	other
2460	brit	spk	to	other
2461	brit	spk	to	other
2462	brit	spk	to	other
2463	brit	spk	to	other
2464	brit	spk	to	other
2465	brit	spk	to	other
2466	brit	spk	to	other
2467	brit	spk	to	other
2468	brit	spk	to	other
2469	brit	spk	to	other
2470	brit	spk	to	other
2471	brit	spk	to	other
2472	brit	spk	to	other
2473	brit	spk	to	other
2474	brit	spk	to	other
2475	brit	spk	to	other
2476	brit	spk	to	other
2477	brit	spk	to	other
2478	brit	spk	to	other
2479	brit	spk	to	other
2480	brit	spk	to	other
2481	brit	spk	to	other
2482	brit	spk	to	other
2483	brit	spk	to	other
2484	brit	spk	to	other
2485	brit	spk	to	other
2486	brit	spk	to	other
2487	brit	spk	to	other
2488	brit	spk	to	other
2489	brit	spk	to	other
2490	brit	spk	to	other
2491	brit	spk	to	other
2492	brit	spk	to	other
2493	brit	spk	to	other
2494	brit	spk	to	other
2495	brit	spk	to	other
2496	brit	spk	to	other
2497	brit	spk	to	other
2498	brit	spk	to	other
2499	brit	spk	to	other
2500	brit	spk	to	other
2501	brit	spk	to	other
2502	brit	spk	to	other
2503	brit	spk	to	other
2504	brit	spk	to	other
2505	brit	spk	to	other
2506	brit	spk	to	other
2507	brit	spk	to	other
2508	brit	spk	to	other
2509	brit	spk	to	other
2510	brit	spk	to	other
2511	brit	spk	to	other
2512	brit	spk	to	other
2513	brit	spk	to	other
2514	brit	spk	to	other
2515	brit	spk	to	other
2516	brit	spk	to	other
2517	brit	spk	to	other
2518	brit	spk	to	other
2519	brit	spk	to	other
2520	brit	spk	to	other
2521	brit	spk	to	other
2522	brit	spk	to	other
2523	brit	spk	to	other
2524	brit	spk	to	other
2525	brit	spk	to	other
2526	brit	spk	to	other
2527	brit	spk	to	other
2528	brit	spk	to	other
2529	brit	spk	to	other
2530	brit	spk	to	other
2531	brit	spk	to	other
2532	brit	spk	to	other
2533	brit	spk	to	other
2534	brit	spk	to	other
2535	brit	spk	to	other
2536	brit	spk	to	other
2537	brit	spk	to	other
2538	brit	spk	to	other
2539	brit	spk	to	other
2540	brit	spk	to	other
2541	brit	spk	to	other
2542	brit	spk	to	other
2543	brit	spk	to	other
2544	brit	spk	to	other
2545	brit	spk	to	other
2546	brit	spk	to	other
2547	brit	spk	to	to
2548	brit	spk	to	to
2549	brit	spk	to	to
2550	brit	spk	to	to
2551	brit	spk	to	to
2552	brit	spk	to	to
2553	brit	spk	to	to
2554	brit	spk	to	to
2555	brit	spk	to	to
2556	brit	spk	to	to
2557	brit	spk	to	to
2558	brit	spk	to	to
2559	brit	spk	to	to
2560	brit	spk	to	to
2561	brit	spk	to	to
2562	brit	spk	to	to
2563	brit	spk	to	to
2564	brit	spk	to	to
2565	brit	spk	to	to
2566	brit	spk	to	to
2567	brit	spk	to	to
2568	brit	spk	to	to
2569	brit	spk	to	to
2570	brit	spk	to	to
2571	brit	spk	to	to
2572	brit	spk	to	to
2573	brit	spk	to	to
2574	brit	spk	to	to
2575	brit	spk	to	to
2576	brit	spk	to	to
2577	brit	spk	to	to
2578	brit	spk	to	to
2579	brit	spk	to	to
2580	brit	spk	to	to
2581	brit	spk	to	to
2582	brit	spk	to	to
2583	brit	spk	to	to
2584	brit	spk	to	to
2585	brit	spk	to	to
2586	brit	spk	to	to
2587	brit	spk	to	to
2588	brit	spk	to	to
2589	brit	spk	to	to
2590	brit	spk	to	to
2591	brit	spk	to	to
2592	brit	spk	to	to
2593	brit	spk	to	to
2594	brit	spk	to	to
2595	brit	spk	to	to
2596	brit	spk	to	to
2597	brit	spk	to	to
2598	brit	spk	to	to
2599	brit	spk	to	to
2600	brit	spk	to	to
2601	brit	spk	to	to
2602	brit	spk	to	to
2603	brit	spk	to	to
2604	brit	spk	to	to
2605	brit	spk	to	to
2606	brit	spk	to	to
2607	brit	spk	to	to
2608	brit	spk	to	to
2609	brit	spk	to	to
2610	brit	spk	to	to
2611	brit	spk	to	to
2612	brit	spk	to	to
2613	brit	spk	to	to
2614	brit	spk	to	to
2615	brit	spk	to	to
2616	brit	spk	to	to
2617	brit	spk	to	to
2618	brit	spk	to	to
2619	brit	spk	to	to
2620	brit	spk	to	to
2621	brit	spk	to	to
2622	brit	spk	to	to
2623	brit	spk	to	to
2624	brit	spk	to	to
2625	brit	spk	to	to
2626	brit	spk	to	to
2627	brit	spk	to	to
2628	brit	spk	to	to
2629	brit	spk	to	to
2630	brit	spk	to	to
2631	brit	spk	to	to
2632	brit	spk	to	to
2633	brit	spk	to	to
2634	brit	spk	to	to
2635	brit	spk	to	to
2636	brit	spk	to	to
2637	brit	spk	to	to
2638	brit	spk	to	to
2639	brit	spk	to	to
2640	brit	spk	to	to
2641	brit	spk	to	to
2642	brit	spk	to	to
2643	brit	spk	to	to
2644	brit	spk	to	to
2645	brit	spk	to	to
2646	brit	spk	to	to
2647	brit	spk	to	to
2648	brit	spk	to	to
2649	brit	spk	to	to
2650	brit	spk	to	to
2651	brit	spk	to	to
2652	brit	spk	to	to
2653	brit	spk	to	to
2654	brit	spk	to	to
2655	brit	spk	to	to
2656	brit	spk	to	to
2657	brit	spk	to	to
2658	brit	spk	to	to
2659	brit	spk	to	to
2660	brit	spk	to	to
2661	brit	spk	to	to
2662	brit	spk	to	to
2663	brit	spk	to	to
2664	brit	spk	to	to
2665	brit	spk	to	to
2666	brit	spk	to	to
2667	brit	spk	to	to
2668	brit	spk	to	to
2669	brit	spk	to	to
2670	brit	spk	to	to
2671	brit	spk	to	to
2672	brit	spk	to	to
2673	brit	spk	to	to
2674	brit	spk	to	to
2675	brit	spk	to	to
2676	brit	spk	to	to
2677	brit	spk	to	to
2678	brit	spk	to	to
2679	brit	spk	to	to
2680	brit	wrt	and	other
2681	brit	wrt	and	other
2682	brit	wrt	and	other
2683	brit	wrt	and	other
2684	brit	wrt	and	other
2685	brit	wrt	and	other
2686	brit	wrt	and	other
2687	brit	wrt	and	other
2688	brit	wrt	and	other
2689	brit	wrt	and	other
2690	brit	wrt	and	other
2691	brit	wrt	and	other
2692	brit	wrt	and	other
2693	brit	wrt	and	other
2694	brit	wrt	and	other
2695	brit	wrt	and	other
2696	brit	wrt	and	other
2697	brit	wrt	and	other
2698	brit	wrt	and	other
2699	brit	wrt	and	other
2700	brit	wrt	and	other
2701	brit	wrt	and	other
2702	brit	wrt	and	other
2703	brit	wrt	and	other
2704	brit	wrt	and	other
2705	brit	wrt	and	other
2706	brit	wrt	and	other
2707	brit	wrt	and	other
2708	brit	wrt	and	other
2709	brit	wrt	and	other
2710	brit	wrt	and	other
2711	brit	wrt	and	other
2712	brit	wrt	and	other
2713	brit	wrt	and	other
2714	brit	wrt	and	other
2715	brit	wrt	and	other
2716	brit	wrt	and	other
2717	brit	wrt	and	other
2718	brit	wrt	and	other
2719	brit	wrt	and	other
2720	brit	wrt	and	other
2721	brit	wrt	and	other
2722	brit	wrt	and	other
2723	brit	wrt	and	other
2724	brit	wrt	and	other
2725	brit	wrt	and	other
2726	brit	wrt	and	other
2727	brit	wrt	and	other
2728	brit	wrt	and	other
2729	brit	wrt	and	to
2730	brit	wrt	and	to
2731	brit	wrt	and	to
2732	brit	wrt	and	to
2733	brit	wrt	and	to
2734	brit	wrt	and	to
2735	brit	wrt	and	to
2736	brit	wrt	and	to
2737	brit	wrt	and	to
2738	brit	wrt	and	to
2739	brit	wrt	and	to
2740	brit	wrt	and	to
2741	brit	wrt	and	to
2742	brit	wrt	and	to
2743	brit	wrt	and	to
2744	brit	wrt	and	to
2745	brit	wrt	and	to
2746	brit	wrt	and	to
2747	brit	wrt	and	to
2748	brit	wrt	and	to
2749	brit	wrt	and	to
2750	brit	wrt	and	to
2751	brit	wrt	and	to
2752	brit	wrt	and	to
2753	brit	wrt	and	to
2754	brit	wrt	and	to
2755	brit	wrt	and	to
2756	brit	wrt	and	to
2757	brit	wrt	and	to
2758	brit	wrt	and	to
2759	brit	wrt	and	to
2760	brit	wrt	and	to
2761	brit	wrt	and	to
2762	brit	wrt	and	to
2763	brit	wrt	and	to
2764	brit	wrt	and	to
2765	brit	wrt	and	to
2766	brit	wrt	and	to
2767	brit	wrt	and	to
2768	brit	wrt	and	to
2769	brit	wrt	and	to
2770	brit	wrt	and	to
2771	brit	wrt	and	to
2772	brit	wrt	and	to
2773	brit	wrt	and	to
2774	brit	wrt	and	to
2775	brit	wrt	and	to
2776	brit	wrt	and	to
2777	brit	wrt	and	to
2778	brit	wrt	and	to
2779	brit	wrt	and	to
2780	brit	wrt	and	to
2781	brit	wrt	and	to
2782	brit	wrt	and	to
2783	brit	wrt	and	to
2784	brit	wrt	and	to
2785	brit	wrt	and	to
2786	brit	wrt	and	to
2787	brit	wrt	and	to
2788	brit	wrt	and	to
2789	brit	wrt	and	to
2790	brit	wrt	and	to
2791	brit	wrt	and	to
2792	brit	wrt	and	to
2793	brit	wrt	and	to
2794	brit	wrt	and	to
2795	brit	wrt	and	to
2796	brit	wrt	and	to
2797	brit	wrt	and	to
2798	brit	wrt	and	to
2799	brit	wrt	and	to
2800	brit	wrt	and	to
2801	brit	wrt	and	to
2802	brit	wrt	and	to
2803	brit	wrt	and	to
2804	brit	wrt	and	to
2805	brit	wrt	and	to
2806	brit	wrt	and	to
2807	brit	wrt	and	to
2808	brit	wrt	and	to
2809	brit	wrt	and	to
2810	brit	wrt	and	to
2811	brit	wrt	and	to
2812	brit	wrt	and	to
2813	brit	wrt	and	to
2814	brit	wrt	and	to
2815	brit	wrt	and	to
2816	brit	wrt	and	to
2817	brit	wrt	and	to
2818	brit	wrt	and	to
2819	brit	wrt	and	to
2820	brit	wrt	and	to
2821	brit	wrt	and	to
2822	brit	wrt	and	to
2823	brit	wrt	and	to
2824	brit	wrt	and	to
2825	brit	wrt	and	to
2826	brit	wrt	and	to
2827	brit	wrt	and	to
2828	brit	wrt	and	to
2829	brit	wrt	and	to
2830	brit	wrt	and	to
2831	brit	wrt	and	to
2832	brit	wrt	and	to
2833	brit	wrt	and	to
2834	brit	wrt	and	to
2835	brit	wrt	and	to
2836	brit	wrt	and	to
2837	brit	wrt	and	to
2838	brit	wrt	and	to
2839	brit	wrt	and	to
2840	brit	wrt	and	to
2841	brit	wrt	and	to
2842	brit	wrt	and	to
2843	brit	wrt	and	to
2844	brit	wrt	and	to
2845	brit	wrt	and	to
2846	brit	wrt	and	to
2847	brit	wrt	and	to
2848	brit	wrt	and	to
2849	brit	wrt	and	to
2850	brit	wrt	and	to
2851	brit	wrt	and	to
2852	brit	wrt	and	to
2853	brit	wrt	and	to
2854	brit	wrt	and	to
2855	brit	wrt	and	to
2856	brit	wrt	to	other
2857	brit	wrt	to	other
2858	brit	wrt	to	other
2859	brit	wrt	to	other
2860	brit	wrt	to	other
2861	brit	wrt	to	other
2862	brit	wrt	to	other
2863	brit	wrt	to	other
2864	brit	wrt	to	other
2865	brit	wrt	to	other
2866	brit	wrt	to	other
2867	brit	wrt	to	other
2868	brit	wrt	to	other
2869	brit	wrt	to	other
2870	brit	wrt	to	other
2871	brit	wrt	to	other
2872	brit	wrt	to	other
2873	brit	wrt	to	other
2874	brit	wrt	to	other
2875	brit	wrt	to	other
2876	brit	wrt	to	other
2877	brit	wrt	to	other
2878	brit	wrt	to	other
2879	brit	wrt	to	other
2880	brit	wrt	to	other
2881	brit	wrt	to	other
2882	brit	wrt	to	other
2883	brit	wrt	to	other
2884	brit	wrt	to	other
2885	brit	wrt	to	other
2886	brit	wrt	to	other
2887	brit	wrt	to	other
2888	brit	wrt	to	other
2889	brit	wrt	to	other
2890	brit	wrt	to	other
2891	brit	wrt	to	other
2892	brit	wrt	to	other
2893	brit	wrt	to	other
2894	brit	wrt	to	other
2895	brit	wrt	to	other
2896	brit	wrt	to	other
2897	brit	wrt	to	other
2898	brit	wrt	to	other
2899	brit	wrt	to	other
2900	brit	wrt	to	other
2901	brit	wrt	to	other
2902	brit	wrt	to	other
2903	brit	wrt	to	other
2904	brit	wrt	to	other
2905	brit	wrt	to	other
2906	brit	wrt	to	other
2907	brit	wrt	to	other
2908	brit	wrt	to	other
2909	brit	wrt	to	other
2910	brit	wrt	to	other
2911	brit	wrt	to	other
2912	brit	wrt	to	other
2913	brit	wrt	to	other
2914	brit	wrt	to	other
2915	brit	wrt	to	other
2916	brit	wrt	to	other
2917	brit	wrt	to	other
2918	brit	wrt	to	other
2919	brit	wrt	to	other
2920	brit	wrt	to	other
2921	brit	wrt	to	other
2922	brit	wrt	to	other
2923	brit	wrt	to	other
2924	brit	wrt	to	other
2925	brit	wrt	to	other
2926	brit	wrt	to	other
2927	brit	wrt	to	other
2928	brit	wrt	to	other
2929	brit	wrt	to	other
2930	brit	wrt	to	other
2931	brit	wrt	to	other
2932	brit	wrt	to	other
2933	brit	wrt	to	other
2934	brit	wrt	to	other
2935	brit	wrt	to	other
2936	brit	wrt	to	other
2937	brit	wrt	to	other
2938	brit	wrt	to	other
2939	brit	wrt	to	other
2940	brit	wrt	to	other
2941	brit	wrt	to	other
2942	brit	wrt	to	other
2943	brit	wrt	to	other
2944	brit	wrt	to	other
2945	brit	wrt	to	other
2946	brit	wrt	to	other
2947	brit	wrt	to	other
2948	brit	wrt	to	other
2949	brit	wrt	to	other
2950	brit	wrt	to	other
2951	brit	wrt	to	other
2952	brit	wrt	to	other
2953	brit	wrt	to	other
2954	brit	wrt	to	other
2955	brit	wrt	to	other
2956	brit	wrt	to	other
2957	brit	wrt	to	other
2958	brit	wrt	to	other
2959	brit	wrt	to	other
2960	brit	wrt	to	other
2961	brit	wrt	to	other
2962	brit	wrt	to	other
2963	brit	wrt	to	other
2964	brit	wrt	to	other
2965	brit	wrt	to	other
2966	brit	wrt	to	other
2967	brit	wrt	to	other
2968	brit	wrt	to	other
2969	brit	wrt	to	other
2970	brit	wrt	to	other
2971	brit	wrt	to	other
2972	brit	wrt	to	other
2973	brit	wrt	to	other
2974	brit	wrt	to	other
2975	brit	wrt	to	other
2976	brit	wrt	to	other
2977	brit	wrt	to	other
2978	brit	wrt	to	other
2979	brit	wrt	to	other
2980	brit	wrt	to	other
2981	brit	wrt	to	other
2982	brit	wrt	to	other
2983	brit	wrt	to	other
2984	brit	wrt	to	other
2985	brit	wrt	to	other
2986	brit	wrt	to	other
2987	brit	wrt	to	other
2988	brit	wrt	to	other
2989	brit	wrt	to	other
2990	brit	wrt	to	other
2991	brit	wrt	to	other
2992	brit	wrt	to	other
2993	brit	wrt	to	other
2994	brit	wrt	to	other
2995	brit	wrt	to	other
2996	brit	wrt	to	other
2997	brit	wrt	to	other
2998	brit	wrt	to	other
2999	brit	wrt	to	other
3000	brit	wrt	to	other
3001	brit	wrt	to	other
3002	brit	wrt	to	other
3003	brit	wrt	to	other
3004	brit	wrt	to	other
3005	brit	wrt	to	other
3006	brit	wrt	to	other
3007	brit	wrt	to	other
3008	brit	wrt	to	other
3009	brit	wrt	to	other
3010	brit	wrt	to	other
3011	brit	wrt	to	other
3012	brit	wrt	to	other
3013	brit	wrt	to	other
3014	brit	wrt	to	other
3015	brit	wrt	to	other
3016	brit	wrt	to	other
3017	brit	wrt	to	other
3018	brit	wrt	to	other
3019	brit	wrt	to	other
3020	brit	wrt	to	other
3021	brit	wrt	to	other
3022	brit	wrt	to	other
3023	brit	wrt	to	other
3024	brit	wrt	to	other
3025	brit	wrt	to	other
3026	brit	wrt	to	other
3027	brit	wrt	to	other
3028	brit	wrt	to	other
3029	brit	wrt	to	other
3030	brit	wrt	to	other
3031	brit	wrt	to	other
3032	brit	wrt	to	other
3033	brit	wrt	to	other
3034	brit	wrt	to	other
3035	brit	wrt	to	other
3036	brit	wrt	to	other
3037	brit	wrt	to	other
3038	brit	wrt	to	other
3039	brit	wrt	to	other
3040	brit	wrt	to	other
3041	brit	wrt	to	other
3042	brit	wrt	to	other
3043	brit	wrt	to	other
3044	brit	wrt	to	other
3045	brit	wrt	to	other
3046	brit	wrt	to	other
3047	brit	wrt	to	other
3048	brit	wrt	to	other
3049	brit	wrt	to	other
3050	brit	wrt	to	other
3051	brit	wrt	to	other
3052	brit	wrt	to	other
3053	brit	wrt	to	other
3054	brit	wrt	to	other
3055	brit	wrt	to	other
3056	brit	wrt	to	other
3057	brit	wrt	to	other
3058	brit	wrt	to	other
3059	brit	wrt	to	other
3060	brit	wrt	to	other
3061	brit	wrt	to	other
3062	brit	wrt	to	other
3063	brit	wrt	to	other
3064	brit	wrt	to	other
3065	brit	wrt	to	other
3066	brit	wrt	to	other
3067	brit	wrt	to	other
3068	brit	wrt	to	other
3069	brit	wrt	to	other
3070	brit	wrt	to	other
3071	brit	wrt	to	other
3072	brit	wrt	to	other
3073	brit	wrt	to	other
3074	brit	wrt	to	other
3075	brit	wrt	to	other
3076	brit	wrt	to	other
3077	brit	wrt	to	other
3078	brit	wrt	to	other
3079	brit	wrt	to	other
3080	brit	wrt	to	other
3081	brit	wrt	to	other
3082	brit	wrt	to	other
3083	brit	wrt	to	other
3084	brit	wrt	to	other
3085	brit	wrt	to	other
3086	brit	wrt	to	to
3087	brit	wrt	to	to
3088	brit	wrt	to	to
3089	brit	wrt	to	to
3090	brit	wrt	to	to
3091	brit	wrt	to	to
3092	brit	wrt	to	to
3093	brit	wrt	to	to
3094	brit	wrt	to	to
3095	brit	wrt	to	to
3096	brit	wrt	to	to
3097	brit	wrt	to	to
3098	brit	wrt	to	to
3099	brit	wrt	to	to
3100	brit	wrt	to	to
3101	brit	wrt	to	to
3102	brit	wrt	to	to
3103	brit	wrt	to	to
3104	brit	wrt	to	to
3105	brit	wrt	to	to
3106	brit	wrt	to	to
3107	brit	wrt	to	to
3108	brit	wrt	to	to
3109	brit	wrt	to	to
3110	brit	wrt	to	to
3111	brit	wrt	to	to
3112	brit	wrt	to	to
3113	brit	wrt	to	to
3114	brit	wrt	to	to
3115	brit	wrt	to	to
3116	brit	wrt	to	to
3117	brit	wrt	to	to
3118	brit	wrt	to	to
3119	brit	wrt	to	to
3120	brit	wrt	to	to
3121	brit	wrt	to	to
3122	brit	wrt	to	to
3123	brit	wrt	to	to
3124	brit	wrt	to	to
3125	brit	wrt	to	to
3126	brit	wrt	to	to
3127	brit	wrt	to	to
3128	brit	wrt	to	to
3129	brit	wrt	to	to
3130	brit	wrt	to	to
3131	brit	wrt	to	to
3132	brit	wrt	to	to
3133	brit	wrt	to	to
3134	brit	wrt	to	to
3135	brit	wrt	to	to
3136	brit	wrt	to	to
3137	brit	wrt	to	to
3138	brit	wrt	to	to
3139	brit	wrt	to	to
3140	brit	wrt	to	to
3141	brit	wrt	to	to
3142	brit	wrt	to	to
3143	brit	wrt	to	to
3144	brit	wrt	to	to
3145	brit	wrt	to	to
3146	brit	wrt	to	to
3147	brit	wrt	to	to
3148	brit	wrt	to	to
3149	brit	wrt	to	to
3150	brit	wrt	to	to
3151	brit	wrt	to	to
3152	brit	wrt	to	to
3153	brit	wrt	to	to
3154	brit	wrt	to	to
3155	brit	wrt	to	to
3156	brit	wrt	to	to
3157	brit	wrt	to	to
3158	brit	wrt	to	to
3159	brit	wrt	to	to
3160	brit	wrt	to	to
3161	brit	wrt	to	to
3162	brit	wrt	to	to
3163	brit	wrt	to	to
3164	brit	wrt	to	to
3165	brit	wrt	to	to
3166	brit	wrt	to	to
3167	brit	wrt	to	to
3168	brit	wrt	to	to
3169	brit	wrt	to	to
3170	brit	wrt	to	to
3171	brit	wrt	to	to
3172	brit	wrt	to	to
3173	brit	wrt	to	to
3174	brit	wrt	to	to
3175	brit	wrt	to	to
3176	brit	wrt	to	to
3177	brit	wrt	to	to
3178	brit	wrt	to	to
3179	brit	wrt	to	to
3180	brit	wrt	to	to
3181	brit	wrt	to	to
3182	brit	wrt	to	to
3183	brit	wrt	to	to
3184	brit	wrt	to	to
3185	brit	wrt	to	to
3186	brit	wrt	to	to
3187	brit	wrt	to	to
3188	brit	wrt	to	to
3189	brit	wrt	to	to
3190	brit	wrt	to	to
3191	brit	wrt	to	to
3192	brit	wrt	to	to
3193	brit	wrt	to	to
3194	brit	wrt	to	to
3195	brit	wrt	to	to
3196	brit	wrt	to	to
3197	brit	wrt	to	to
3198	brit	wrt	to	to
3199	brit	wrt	to	to
3200	brit	wrt	to	to
3201	brit	wrt	to	to
3202	brit	wrt	to	to
3203	brit	wrt	to	to
3204	brit	wrt	to	to
3205	brit	wrt	to	to
3206	brit	wrt	to	to
3207	brit	wrt	to	to
3208	brit	wrt	to	to
3209	brit	wrt	to	to
3210	brit	wrt	to	to
3211	brit	wrt	to	to
3212	brit	wrt	to	to
3213	brit	wrt	to	to
3214	brit	wrt	to	to
3215	brit	wrt	to	to
3216	brit	wrt	to	to
3217	brit	wrt	to	to
3218	brit	wrt	to	to
3219	brit	wrt	to	to
3220	brit	wrt	to	to
3221	brit	wrt	to	to
3222	brit	wrt	to	to
3223	brit	wrt	to	to
3224	brit	wrt	to	to
3225	brit	wrt	to	to
3226	brit	wrt	to	to
3227	brit	wrt	to	to
3228	brit	wrt	to	to
3229	brit	wrt	to	to
